ticker,sector,report_year,revenue,net_profit,total_assets,total_borrowings,cash_and_bank,ebit,interest_expense,roe,debt_equity,net_margin,roa,interest_coverage,current_ratio,asset_turnover,revenue_growth,z_score,risk_zone,avg_repo_rate,avg_inflation,avg_gdp_growth,pred_year,predicted_risk,prob_safe,prob_grey,prob_distress,confidence_pct,is_correct
ADANIGREEN,Energy,2017,501.65,-46.67,6159.92,4346.57,186.75,150.22,334.14,-3.879661496001463,3.6132891083512058,-9.30329911292734,-0.7576397096066183,0.4495720356736697,0.3059419078979702,0.0814377459447525,,,Grey,6.125,3.3341666666666665,5.9,2017,Safe,0.436,0.4135,0.1505,0.436,0
ADANIGREEN,Energy,2018,1480.28,-137.52,15708.58,9864.14,456.92,341.64000000000004,551.82,-10.251975547934991,7.35361562546593,-9.290134298916422,-0.8754451388986147,0.6191149287811243,0.1014692296759522,0.0942338518185603,195.08222864547,0.1875386778879467,Distress,6.270833333333333,3.9625,7.399999999999999,2018,Distress,0.0843,0.0802,0.8355,0.8355,1
ADANIGREEN,Energy,2019,2057.98,-473.91,14657.53,11142.49,361.47,536.5200000000001,1121.18,-24.512501681028688,5.763337022975783,-23.027920582318583,-3.233218693736257,0.4785315471199986,0.228532591515458,0.1404042836685307,39.02640041073311,1.5983975657644036,Distress,5.729166666666667,3.7066666666666666,5.1000000000000005,2019,Distress,0.1586,0.2775,0.5639,0.5639,1
ADANIGREEN,Energy,2020,2549.0,-23.0,18424.0,14867.0,695.0,945.0,995.0,-0.9762308998302208,6.310271646859083,-0.902314633189486,-0.1248371689101172,0.949748743718593,0.578684429641965,0.1383521493703864,23.85931836072266,6.978876604161093,Safe,4.258333333333334,6.645833333333333,-10.4,2020,Safe,0.9394,0.0076,0.053,0.9394,1
ADANIGREEN,Energy,2021,3124.0,210.0,28692.0,24209.0,1019.0,2146.0,1953.0,9.545454545454549,11.004090909090907,6.722151088348271,0.7319113341698034,1.0988223246287765,0.4463425317564607,0.1088805241879269,22.55786582973716,5.490291224005887,Safe,4.0,5.14,5.0,2021,Safe,0.9727,0.0081,0.0192,0.9727,1
ADANIGREEN,Energy,2022,5133.0,489.0,58954.0,52832.0,1593.0,3170.0,2617.0,18.706962509563887,20.211170619739864,9.526592635885448,0.8294602571496421,1.211310661062285,0.4541049030786773,0.0870678834345421,64.30857874519846,3.6817536997498657,Safe,5.033333333333334,6.696666666666666,5.800000000000001,2022,Safe,0.607,0.0648,0.3282,0.607,1
ADANIGREEN,Energy,2023,7776.0,974.0,66909.0,54223.0,1984.0,4337.0,2911.0,13.335158817086528,7.423740416210296,12.525720164609051,1.4557084996039396,1.4898660254208176,0.3686361947231512,0.1162175492086266,51.49035651665693,3.188081876673196,Safe,6.479166666666667,5.648333333333333,6.949999999999999,2023,Safe,0.9563,0.0322,0.0115,0.9563,1
ADANIGREEN,Energy,2024,9220.0,1100.0,88086.0,64858.0,8764.0,6759.0,5088.0,10.33640293177974,6.094531103176095,11.93058568329718,1.2487796017528323,1.3284198113207548,0.696329254727475,0.1046704357105555,18.569958847736626,1.9748083346794088,Grey,6.479166666666667,4.940833333333333,6.8,2024,Grey,0.029,0.9221,0.0489,0.9221,1
ADANIGREEN,Energy,2025,11212.0,1444.0,110764.0,80040.0,3332.0,7707.0,5492.0,11.89750350168905,6.5947103897173935,12.879058151980022,1.303672673431801,1.4033139111434814,0.1792650777425082,0.1012242244772669,21.605206073752715,1.5043144770340977,Distress,5.875,3.293333333333333,6.5,2025,Distress,0.068,0.292,0.64,0.64,1
ADANIGREEN,Energy,2026,12928.0,1652.0,144097.0,103545.0,2766.0,8068.0,6484.0,8.274480340596044,5.186326070623592,12.778465346534654,1.1464499607903011,1.2442936458975942,0.134356632826541,0.0897173431785533,15.305030324652158,,Grey,,,,2026,Grey,0.0004,0.9456,0.054,0.9456,1
ALKEM,Pharma,2016,4904.61,741.59,5533.65,657.5,780.9,999.65,71.24,20.086620656778518,0.1780896867788383,15.120264404305338,13.40146196452613,14.032144862436834,0.6594380969270134,0.886324577810306,,18.5774948491849,Safe,6.5,4.940833333333333,8.1,2016,Safe,0.952,0.0467,0.0013,0.952,1
ALKEM,Pharma,2017,5687.53,892.03,6567.58,659.46,399.26,1009.79,45.16,19.96646999310598,0.1476081331530741,15.683961227457264,13.5823240828433,22.360274579273696,0.2771714983894257,0.8660008709448533,15.962940988172347,24.15240316787191,Safe,6.125,3.3341666666666665,5.9,2017,Safe,0.9825,0.0165,0.001,0.9825,1
ALKEM,Pharma,2018,6401.17,630.94,7663.96,997.56,576.78,981.31,55.33,12.97224169728421,0.2051001589302125,9.856635583807336,8.232558625045016,17.735586481113323,0.3199658277072943,0.8352300899274004,12.547450299163266,14.917056001342008,Safe,6.270833333333333,3.9625,7.399999999999999,2018,Safe,0.9233,0.0733,0.0035,0.9233,1
ALKEM,Pharma,2019,7357.19,760.51,8207.89,944.07,661.6,1009.29,54.63,13.98165953957649,0.173563336728353,10.33696288936401,9.265596882999164,18.47501372872048,0.3626238709111637,0.8963558234820399,14.935082180288916,16.34009905736405,Safe,5.729166666666667,3.7066666666666666,5.1000000000000005,2019,Safe,0.9671,0.0317,0.0012,0.9671,1
ALKEM,Pharma,2020,8344.36,1127.07,9945.54,1615.52,1092.21,1324.85,65.06,18.294601074233807,0.2622312183577435,13.506967580497484,11.332416339384284,20.363510605594836,0.503473390646968,0.839005222441416,13.417758682323022,14.25530205886397,Safe,4.258333333333334,6.645833333333333,-10.4,2020,Safe,0.9927,0.0068,0.0005,0.9927,1
ALKEM,Pharma,2021,8865.01,1585.02,11519.26,1707.04,1990.45,1901.02,58.92,21.486756326990417,0.2314087678415775,17.87950605808679,13.75973803872818,32.26442634080109,0.8172688042242013,0.7695815529817019,6.239543835596728,16.65730292763013,Safe,4.0,5.14,5.0,2021,Safe,0.9936,0.006,0.0004,0.9936,1
ALKEM,Pharma,2022,10634.19,1645.62,14069.19,2668.19,2578.58,1896.65,52.37,19.05115826763449,0.3088933652855439,15.474803440600551,11.696622193601762,36.21634523582203,0.9332199341319533,0.7558494838722059,19.956886681458897,9.807363581073924,Safe,5.033333333333334,6.696666666666666,5.800000000000001,2022,Safe,0.9945,0.0051,0.0004,0.9945,1
ALKEM,Pharma,2023,11599.26,984.17,13756.65,1396.68,2616.89,1412.13,107.36,10.880469282908564,0.1544096430296873,8.484765407448405,7.154139997746545,13.153222801788374,0.789484957823983,0.8431747554818942,9.07516228316403,28.10106353673208,Safe,6.479166666666667,5.648333333333333,6.949999999999999,2023,Safe,0.9955,0.0042,0.0003,0.9955,1
ALKEM,Pharma,2024,12667.58,1795.77,15574.9,1418.41,1579.35,2135.54,112.41,17.41427028159262,0.1375486566214704,14.176109406848031,11.529897463226089,18.99777599857664,0.4108151273400738,0.8133329909020283,9.210242722380556,30.015178990083,Safe,6.479166666666667,4.940833333333333,6.8,2024,Safe,0.9947,0.0051,0.0002,0.9947,1
ALKEM,Pharma,2025,12964.52,2165.48,17691.1,1380.9,1563.08,2648.73,121.7,18.068447968146508,0.1152202735615822,16.703125144625485,12.240505112740308,21.76442070665571,0.361378206980739,0.7328272408160036,2.3440941363701784,30.364054059379257,Safe,5.875,3.293333333333333,6.5,2025,Safe,0.9992,0.0007,0.0002,0.9992,1
AUROPHARMA,Pharma,2017,14909.54,2301.66,16200.12,3364.14,513.48,3127.56,66.72,24.559134690794085,0.3589599131873865,15.437498407060176,14.207672535758991,46.87589928057554,0.1482302609358355,0.9203351580111752,,9.013300170803392,Safe,6.125,3.3341666666666665,5.9,2017,Safe,0.9912,0.0082,0.0006,0.9912,1
AUROPHARMA,Pharma,2018,16463.03,2423.17,20942.24,4769.93,1262.25,3318.9,77.72,20.745572505098277,0.4083697332801389,14.718857950207225,11.57072977866742,42.70329387545033,0.2810064360436253,0.786116002872663,10.419436146252648,7.080092369455193,Safe,6.270833333333333,3.9625,7.399999999999999,2018,Safe,0.9647,0.0328,0.0025,0.9647,1
AUROPHARMA,Pharma,2019,19563.55,2364.73,26271.07,6966.76,1957.18,3353.95,262.6,17.023738047827408,0.5015384305272994,12.08742789524396,9.001270218533163,12.77208682406702,0.3615348949761062,0.7446803651316829,18.83322814815984,3.9654604904179855,Safe,5.729166666666667,3.7066666666666666,5.1000000000000005,2019,Safe,0.9915,0.0076,0.0009,0.9915,1
AUROPHARMA,Pharma,2020,23098.51,2845.14,28764.54,5826.38,2842.15,4048.17,305.13,16.91052484238918,0.3462998085549374,12.317417876737505,9.891136795512809,13.26703372333104,0.4648981187505009,0.8030203159862802,18.069113223315814,7.334893475160334,Safe,4.258333333333334,6.645833333333333,-10.4,2020,Safe,0.9976,0.0019,0.0005,0.9976,1
AUROPHARMA,Pharma,2021,24774.62,5334.84,33415.92,5339.08,5474.28,7418.08,74.49,24.32681999482897,0.2434615435476817,21.533488707394906,15.964965202214993,99.584910726272,0.8905655957325316,0.7414017031402996,7.25635549652337,7.081008539897573,Safe,4.0,5.14,5.0,2021,Safe,0.9882,0.0113,0.0005,0.9882,1
AUROPHARMA,Pharma,2022,23455.49,2648.15,33638.36,2851.27,4190.01,3421.38,48.64,10.775358703905196,0.1160185677234437,11.290107348002536,7.8724111401388175,70.3408717105263,0.6745992262252641,0.6972839936310807,-5.3245216273751,7.308052785760429,Safe,5.033333333333334,6.696666666666666,5.800000000000001,2022,Safe,0.9986,0.0012,0.0002,0.9986,1
AUROPHARMA,Pharma,2023,24855.38,1927.5,39505.26,5286.21,6084.2,2752.98,140.48,7.1814857385566615,0.1969537832737515,7.7548603159557405,4.879097112637658,19.59695330296128,0.8245067215958369,0.6291663439248343,5.968282905196176,8.940787405223345,Safe,6.479166666666667,5.648333333333333,6.949999999999999,2023,Safe,0.9936,0.0061,0.0003,0.9936,1
AUROPHARMA,Pharma,2024,29001.87,3172.97,44717.19,6647.63,6278.3,4669.7,289.71,10.63227981288619,0.2227549023550069,10.940570383909726,7.095638165099372,16.118532325428877,0.7631558475025405,0.6485619959572594,16.682464721923385,8.90454376625869,Safe,6.479166666666667,4.940833333333333,6.8,2024,Safe,0.993,0.0068,0.0002,0.993,1
AUROPHARMA,Pharma,2025,31723.73,3485.88,49481.7,8262.87,8235.49,5523.53,457.24,10.675422897273538,0.2530483883415224,10.98824129445056,7.044786254312201,12.080154842096054,0.961471062435278,0.6411204546327228,9.385118959570548,6.912937826381472,Safe,5.875,3.293333333333333,6.5,2025,Safe,0.9944,0.0051,0.0005,0.9944,1
AUROPHARMA,Pharma,2026,33653.08,3504.75,58502.15,8072.84,9870.29,5495.820000000001,383.97,9.249565265813992,0.2130544559825203,10.41435137586218,5.990805466123895,14.313149464801938,0.7872086735564676,0.5752451832966823,6.081724942180511,,Grey,,,,2026,Grey,0.0115,0.9884,0.0001,0.9884,1
AXISBANK,Banking,2017,45175.09,3953.03,611462.01,527437.44,24500.02,32743.16,26789.35,7.011361227803659,9.354986976845655,8.750464027852518,0.6464882421722324,1.222245407223393,0.8862619383003029,0.0738804525239433,,0.5252348042981827,Distress,6.125,3.3341666666666665,5.9,2017,Distress,0.0002,0.0029,0.9969,0.9969,1
AXISBANK,Banking,2018,46614.06,455.82,703703.37,611424.85,30223.02,28169.57,27603.69,0.7099180608593307,9.522652447747076,0.977859469868104,0.0647744517693584,1.020500157768762,1.0766592414763791,0.0662410640437888,3.185317395051124,0.4840146199378108,Distress,6.270833333333333,3.9625,7.399999999999999,2018,Distress,0.0001,0.0006,0.9993,0.9993,1
AXISBANK,Banking,2019,56043.65,5038.59,814045.97,711995.77,30885.82,41475.52,33883.47,7.431261505823816,10.501006745757024,8.990474389159164,0.6189564454203981,1.224063533044284,0.9018394876367908,0.0688458048628384,20.229068225338036,0.510490133132449,Distress,5.729166666666667,3.7066666666666666,5.1000000000000005,2019,Distress,0.0001,0.0028,0.9971,0.9971,1
AXISBANK,Banking,2020,63715.68,1853.11,927871.81,797337.38,76971.34,43275.990000000005,37995.94,2.1462830333367577,9.23480899967721,2.908404964052804,0.199716165533685,1.1389635313667723,1.741669457392406,0.0686686235246224,13.689383186141525,0.5255865160990069,Distress,4.258333333333334,6.645833333333333,-10.4,2020,Distress,0.0002,0.001,0.9987,0.9987,1
AXISBANK,Banking,2021,64397.36,7195.5,1001004.54,850551.35,39135.41,44377.46,34627.38,6.945885705404866,8.210454400219318,11.173594693943976,0.7188279086126822,1.2815714039006127,0.8351650860903523,0.064332735194188,1.06987793271609,0.4914421992913342,Distress,4.0,5.14,5.0,2021,Distress,0.0003,0.0017,0.9981,0.9981,1
AXISBANK,Banking,2022,68846.06,14119.29,1195779.15,1020942.96,84194.41,53852.12,34922.66,11.939126671540649,8.632988856987605,20.50849387750004,1.1807606780900972,1.5420394666385664,1.4881771324104256,0.0575742268127019,6.90820244805066,0.5396547172177663,Distress,5.033333333333334,6.696666666666666,5.800000000000001,2022,Distress,0.0003,0.0018,0.9979,0.9979,1
AXISBANK,Banking,2023,87448.37,10818.45,1344417.96,1152038.29,56451.88,62010.33,43389.15,8.335881843443119,8.876738409441517,12.371242597203356,0.8046939509793518,1.4291667386892806,0.9018166087201565,0.0650455234918164,27.020151915737813,0.5226301189657525,Distress,6.479166666666667,5.648333333333333,6.949999999999999,2023,Distress,0.0002,0.0019,0.9978,0.9978,1
AXISBANK,Banking,2024,112759.05,26386.2,1518238.53,1295301.95,76442.68,96568.74,61390.74,16.80397942932371,8.2490951037144,23.400516410877888,1.7379482524396217,1.5730180154205666,1.1597501314610488,0.0742696537941241,28.94356978866504,0.5888107889061398,Distress,6.479166666666667,4.940833333333333,6.8,2024,Distress,0.0009,0.0056,0.9935,0.9935,1
AXISBANK,Banking,2025,127374.09,28055.11,1656962.61,1391607.64,65564.5,107758.47,71036.31,14.983863369065345,7.432392437993459,22.02575892789499,1.69316494112079,1.5169491489633964,0.8392849005139308,0.0768720363581408,12.961301110642554,0.6095882864072851,Distress,5.875,3.293333333333333,6.5,2025,Distress,0.0008,0.0032,0.996,0.996,1
AXISBANK,Banking,2026,132538.24,26384.85,1946050.29,1614302.06,78627.37,106368.46,74074.99,12.353677038913764,7.558339839905549,19.907349003578137,1.35581542448217,1.435956454398441,0.6653789380677605,0.0681062769451862,4.054317483249537,,Grey,,,,2026,Grey,0.0002,0.9569,0.0429,0.9569,1
BANKBARODA,Banking,2017,44473.45,1814.98,719215.82,648498.87,20863.55,32620.08,29595.73,4.214261450088779,15.057707458303312,4.081041610219131,0.2523554056416612,1.1021887279009506,0.7545756903048096,0.0618360285790154,,0.3136617686650151,Distress,6.125,3.3341666666666665,5.9,2017,Distress,0.0002,0.0021,0.9977,0.9977,1
BANKBARODA,Banking,2018,46056.42,-1887.11,747795.95,672311.18,20885.61,27054.8,29160.48,-4.05252905377996,14.437741255841413,-4.09738750862529,-0.2523562744623048,0.9277899403576348,0.722222145378017,0.0615895552790838,3.559359572958698,0.2792721201062791,Distress,6.270833333333333,3.9625,7.399999999999999,2018,Distress,0.0,0.0006,0.9994,0.9994,1
BANKBARODA,Banking,2019,52906.25,1100.1,819669.5,734456.22,24766.4,34030.3,32505.72,2.0003229318722844,13.354691567332384,2.0793384524512697,0.1342126308225449,1.04690189911191,0.8196137558923473,0.0645458321921213,14.872693101200651,0.3062253229091914,Distress,5.729166666666667,3.7066666666666666,5.1000000000000005,2019,Distress,0.0001,0.0015,0.9984,0.9984,1
BANKBARODA,Banking,2020,78894.7,927.75,1199935.37,1068980.85,29356.83,48805.98,50039.89,1.2190508577111752,14.046262700828038,1.1759345051061731,0.0773166641466698,0.975341472573181,0.5352179927048619,0.0657491244715954,49.12170112226815,0.2763623555284774,Distress,4.258333333333334,6.645833333333333,-10.4,2020,Distress,0.0003,0.0004,0.9993,0.9993,1
BANKBARODA,Banking,2021,74313.98,1547.67,1202667.22,1067173.15,35838.27,49574.34,43201.18,1.8784778366390509,12.952768420472587,2.082609490165915,0.1286864707262912,1.1475228222932798,0.6748632742730417,0.0617909748966135,-5.806118788714576,0.2964715930148275,Distress,4.0,5.14,5.0,2021,Distress,0.0003,0.0008,0.9989,0.9989,1
BANKBARODA,Banking,2022,73385.46,7849.69,1340121.0,1185330.55,68208.71,48823.77,38815.47,8.544523843319682,12.902528821762685,10.696519446767793,0.5857448693065775,1.2578430713321265,1.084013682256406,0.0547603238812017,-1.2494553514695197,0.3191197850921009,Distress,5.033333333333334,6.696666666666666,5.800000000000001,2022,Distress,0.0003,0.0014,0.9983,0.9983,1
BANKBARODA,Banking,2023,94502.62,14905.2,1525870.84,1342592.16,52763.75,70506.70999999999,49942.17,14.18803592908876,12.77993304631463,15.772261128844894,0.9768323510265128,1.4117670497697636,0.6745215053646599,0.061933564442453,28.77567300116397,0.3401931796043949,Distress,6.479166666666667,5.648333333333333,6.949999999999999,2023,Distress,0.0003,0.0031,0.9966,0.9966,1
BANKBARODA,Banking,2024,118379.22,18767.38,1654774.95,1461939.5,52658.81,95698.43,69899.08,15.677076963892748,12.212113815596467,15.853610118397468,1.1341348864387877,1.3690942713409102,0.7201381066285245,0.0715379574727064,25.265542902408438,0.3974317846647704,Distress,6.479166666666667,4.940833333333333,6.8,2024,Distress,0.0011,0.0095,0.9895,0.9895,1
BANKBARODA,Banking,2025,127944.77,20716.33,1861765.84,1632500.73,54139.23,105883.89,78264.92,14.140578013881113,11.14314356369244,16.191619243209395,1.1127247882042997,1.352890797051859,0.6541524895363112,0.0687222674576519,8.080429994385852,0.403730091446679,Distress,5.875,3.293333333333333,6.5,2025,Distress,0.0012,0.0062,0.9925,0.9925,1
BANKBARODA,Banking,2026,134298.12,19846.42,2101501.85,1846191.7,64685.97,106804.62,81859.93,11.965183415639704,11.130482127724637,14.77788371125374,0.9443922212107496,1.304724057301295,0.7232163790484724,0.0639057824288853,4.965697308299499,,Grey,,,,2026,Grey,0.0001,0.979,0.0209,0.979,1
BPCL,Energy,2017,201250.66,8720.94,109086.26,35725.44,1884.54,14395.97,696.36,28.29659552721875,1.1591735818752589,4.333372124096388,7.994535700463103,20.673171922568788,0.0442993088796309,1.8448763391466532,,2.5738782572291847,Grey,6.125,3.3341666666666665,5.9,2017,Safe,0.8985,0.0921,0.0095,0.8985,0
BPCL,Energy,2018,235895.11,9008.63,120356.06,37659.36,1353.86,15359.26,1185.74,24.60126105415913,1.0284224643398143,3.8189134145256336,7.484982476162812,12.953311855887463,0.0293818347228934,1.9599770048969696,17.214577085113646,2.718226772344005,Grey,6.270833333333333,3.9625,7.399999999999999,2018,Grey,0.0308,0.9579,0.0113,0.9579,1
BPCL,Energy,2019,298225.59,7802.3,136926.11,44839.1,662.52,14669.320000000002,1763.95,20.12732195666576,1.1566986682736262,2.616240946995863,5.698182764412136,8.316176762379886,0.0124248227148533,2.1780038153424504,26.42296400294184,2.903806020020814,Grey,5.729166666666667,3.7066666666666666,5.1000000000000005,2019,Grey,0.0107,0.9831,0.0062,0.9831,1
BPCL,Energy,2020,284571.9,3055.36,150859.98,65475.54,1164.84,6288.58,2637.01,8.363441368234659,1.7922629079503007,1.0736689040625584,2.025295243973915,2.384738776113856,0.0238442106185382,1.88633128547412,-4.578309326171503,2.2215530042378324,Grey,4.258333333333334,6.645833333333333,-10.4,2020,Grey,0.0211,0.9594,0.0195,0.9594,1
BPCL,Energy,2021,230170.81,16164.98,160978.02,54531.86,8110.11,24155.43,1723.41,30.1838406365932,1.0182387926598186,7.02303650058841,10.041731163049466,14.016066983480425,0.1533360634723284,1.4298275627939765,-19.11681722615621,2.401182254086274,Grey,4.0,5.14,5.0,2021,Grey,0.0701,0.922,0.0079,0.922,1
BPCL,Energy,2022,346791.08,11681.5,187528.63,64534.2,2236.69,18642.37,2605.64,22.50527014223123,1.2432988951870725,3.368454575013867,6.229182178742521,7.154622280898359,0.0314633203172201,1.849270055457665,50.6668373804654,2.3838987090551447,Grey,5.033333333333334,6.696666666666666,5.800000000000001,2022,Grey,0.0516,0.9157,0.0326,0.9157,1
BPCL,Energy,2023,473187.18,2131.05,188108.77,69376.03,2574.38,6566.51,3745.38,3.981606939604307,1.2962064826737834,0.4503608910114598,1.132881789615657,1.753229311845527,0.0394780708224672,2.515497709117975,36.44733307442625,2.9837138303307214,Grey,6.479166666666667,5.648333333333333,6.949999999999999,2023,Grey,0.0379,0.9518,0.0102,0.9518,1
BPCL,Energy,2024,448083.03,26858.84,202417.75,54599.05,6286.36,40343.33,4148.89,35.51107415590458,0.7218744046250478,5.99416585805537,13.26901420453493,9.723885183747942,0.0870884919965881,2.213654830171761,-5.3053318139346,3.620985515294556,Safe,6.479166666666667,4.940833333333333,6.8,2024,Safe,0.8677,0.1274,0.0049,0.8677,1
BPCL,Energy,2025,440271.86,13336.55,218382.22,61100.57,10475.59,21773.74,3591.44,16.387173019588104,0.7507680863382618,3.029162481563096,6.106976108219799,6.0626768093021175,0.1380227324801044,2.0160609229084674,-1.743241648763183,4.046880715620637,Safe,5.875,3.293333333333333,6.5,2025,Safe,0.9072,0.089,0.0039,0.9072,1
BPCL,Energy,2026,455228.03,25843.45,248616.03,54424.42,17760.55,37744.73,2953.49,25.79952373089578,0.5433191448240227,5.677033991074758,10.394925057728578,12.779704688351746,0.1888991170622417,1.83104858524207,3.3970306437481668,,Grey,,,,2026,Grey,0.0015,0.9984,0.0001,0.9984,1
BRITANNIA,FMCG,2017,9054.09,884.47,4108.8,124.56,120.76,1309.45,5.45,32.801640693957175,0.0461945839298032,9.768734350994963,21.52623637071651,240.26605504587155,0.093770868599649,2.2035849883177567,,50.0,Safe,6.125,3.3341666666666665,5.9,2017,Safe,0.9906,0.0086,0.0008,0.9906,1
BRITANNIA,FMCG,2018,9913.99,1004.23,5187.92,200.7,186.42,1525.77,7.59,29.482154757605915,0.0589214468782202,10.129423168673764,19.35708337830961,201.02371541501972,0.1179134592881675,1.9109758824345788,9.497365279116954,50.0,Safe,6.270833333333333,3.9625,7.399999999999999,2018,Safe,0.989,0.0098,0.0012,0.989,1
BRITANNIA,FMCG,2019,11054.67,1159.12,6237.95,156.02,109.82,1777.02,9.09,27.25257156292247,0.0366825368835596,10.48534239375757,18.581745605527452,195.4917491749175,0.0600542467790974,1.7721639320610136,11.505761050797926,50.0,Safe,5.729166666666667,3.7066666666666666,5.1000000000000005,2019,Safe,0.9879,0.0115,0.0006,0.9879,1
BRITANNIA,FMCG,2020,11599.55,1402.63,7829.54,1537.59,122.85,1921.2,76.9,31.85746440357679,0.3492276558486246,12.092107021393073,17.914590129177448,24.983094928478543,0.0650302786482595,1.481511046625983,4.928957626053054,33.75770613163097,Safe,4.258333333333334,6.645833333333333,-10.4,2020,Safe,0.9887,0.0108,0.0005,0.9887,1
BRITANNIA,FMCG,2021,13136.14,1863.9,8000.09,2106.94,211.34,2624.51,110.9,52.538856598433895,0.5938956946268807,14.189099689863232,23.298487892011217,23.66555455365194,0.0901048395004881,1.6419990275109404,13.246979408683956,26.313986592718525,Safe,4.0,5.14,5.0,2021,Safe,0.9865,0.013,0.0005,0.9865,1
BRITANNIA,FMCG,2022,14136.26,1524.82,7526.6,2481.2,184.9,2222.62,144.29,59.60752120714592,0.9699386263242248,10.786587117101694,20.25908112560784,15.40383948991614,0.0743376351867486,1.8781734116334068,7.613499856122119,26.991436330317622,Safe,5.033333333333334,6.696666666666666,5.800000000000001,2022,Safe,0.9906,0.0087,0.0007,0.9906,1
BRITANNIA,FMCG,2023,16300.55,2321.77,9350.85,2997.37,197.98,3201.87,169.1,65.69305684059226,0.848087440970837,14.243507120925369,24.829507477929813,18.9347723240686,0.0702253468170161,1.7432158573819492,15.31020227415172,28.142772915828964,Safe,6.479166666666667,5.648333333333333,6.949999999999999,2023,Safe,0.9801,0.0194,0.0005,0.9801,1
BRITANNIA,FMCG,2024,16769.27,2139.81,9071.5,2064.96,446.35,3077.47,164.0,54.28895451500944,0.5238994093649151,12.760305010295616,23.588270958496388,18.76506097560976,0.1456271084691127,1.8485663892410296,2.875485796491528,36.12825927419786,Safe,6.479166666666667,4.940833333333333,6.8,2024,Safe,0.9854,0.014,0.0005,0.9854,1
BRITANNIA,FMCG,2025,17942.67,2178.73,8836.75,1246.51,312.48,3065.3700000000003,138.8,50.01997373568548,0.2861777157393037,12.142730151086768,24.655331428409767,22.084798270893373,0.0966078428947726,2.030460293659999,6.997323079656992,50.0,Safe,5.875,3.293333333333333,6.5,2025,Safe,0.9953,0.0043,0.0004,0.9953,1
BRITANNIA,FMCG,2026,19151.59,2533.49,9731.94,1380.28,352.44,3401.5400000000004,112.76,49.612459268078695,0.2702954630906128,13.228614438801165,26.03273345293949,30.16619368570415,0.1086068225940649,1.967910817370432,6.737681738559553,,Grey,,,,2026,Grey,0.0041,0.9958,0.0001,0.9958,1
CANBK,Banking,2017,41456.66,1358.28,596158.75,534858.1,18076.1,33286.55,31540.27,3.91599923887284,15.42026616386145,3.276385507177857,0.2278386419724611,1.055366678852147,0.6791632616638956,0.0695396318514154,,0.3208809206954722,Distress,6.125,3.3341666666666665,5.9,2017,Distress,0.0002,0.0014,0.9984,0.9984,1
CANBK,Banking,2018,41345.32,-3951.4,631435.47,563756.48,19450.88,22704.95,29112.9,-10.709071489299197,15.278909872135628,-9.557067160200962,-0.6257804934524822,0.7798931058053302,0.6319057349754559,0.0654782982020316,-0.2685696339261412,0.2465415442817829,Distress,6.270833333333333,3.9625,7.399999999999999,2018,Distress,0.0001,0.0007,0.9992,0.9992,1
CANBK,Banking,2019,47951.1,601.85,711782.81,640165.66,26715.35,30227.29,32338.69,1.5968752877148198,16.985373805726468,1.2551328332405305,0.084555287307374,0.9347097857086974,0.7874149078399147,0.0673676005184783,15.977092449641203,0.270730284717417,Distress,5.729166666666667,3.7066666666666666,5.1000000000000005,2019,Distress,0.0002,0.0021,0.9977,0.9977,1
CANBK,Banking,2020,49758.75,-1986.43,741440.27,668170.09,17971.79,34303.68,35817.19,-4.820735840333738,16.2153788469869,-3.9921219885949712,-0.2679150405466916,0.9577434745718466,0.56049342210931,0.0671109353151266,3.769777961298071,0.2749280567198773,Distress,4.258333333333334,6.645833333333333,-10.4,2020,Distress,0.0004,0.0007,0.9989,0.9989,1
CANBK,Banking,2021,70253.27,2890.6,1179539.6,1060997.82,38711.24,49064.05,45182.5,4.631659974052065,17.000557446379638,4.114541572228595,0.2450617173005467,1.0859082609417363,0.6896442130620594,0.0595599079505257,41.18777099505113,0.2544786196472964,Distress,4.0,5.14,5.0,2021,Distress,0.0004,0.0029,0.9967,0.9967,1
CANBK,Banking,2022,70613.79,6124.82,1258788.75,1132625.91,47531.89,52180.47,43035.47,8.754580388134471,16.189315896269537,8.67368824134776,0.4865645645466723,1.21249913153034,0.8457402931450965,0.0560966166880662,0.5131718423925236,0.2662105566559407,Distress,5.033333333333334,6.696666666666666,5.800000000000001,2022,Distress,0.0004,0.0025,0.9972,0.9972,1
CANBK,Banking,2023,85884.73,11254.75,1381029.56,1237159.65,51074.06,67416.70999999999,52990.06,14.419230338068315,15.850098810114824,13.104483183448329,0.8149535915798934,1.2722520034889562,0.7760109371315493,0.0621889150584148,21.62600251310687,0.2949954644546351,Distress,6.479166666666667,5.648333333333333,6.949999999999999,2023,Distress,0.0006,0.0049,0.9945,0.9945,1
CANBK,Banking,2024,110518.75,15278.56,1535017.64,1369780.03,67706.93,92117.15,72117.59,16.583115559934235,14.867383136355905,13.824405361081263,0.9953344900974558,1.2773187512228292,0.9261678985581984,0.0719983582729381,28.682654064348824,0.3558692386022875,Distress,6.479166666666667,4.940833333333333,6.8,2024,Distress,0.0012,0.0155,0.9833,0.9833,1
CANBK,Banking,2025,121601.11,17539.62,1730691.34,1546160.15,86837.44,105705.7,82680.68,16.638359972361126,14.66711887179989,14.423897939747423,1.0134458753344198,1.2784812606766176,1.0976182221119462,0.070261581132081,10.02758355482667,0.4155052241094314,Distress,5.875,3.293333333333333,6.5,2025,Distress,0.0027,0.0232,0.9741,0.9741,1
CANBK,Banking,2026,126371.2,17872.88,1887325.11,1723621.08,54053.9,111985.95,89137.52,15.184516090444694,14.643612010537565,14.14315920083057,0.9469952953680568,1.2563278628348646,1.175100365461368,0.066957833247924,3.9227355737130982,,Grey,,,,2026,Grey,0.0001,0.9821,0.0178,0.9821,1
CIPLA,Pharma,2017,14394.29,1006.39,20868.94,4112.66,624.21,1381.5500000000002,159.38,8.023096927053189,0.3278676239630219,6.991591804805933,4.822429888628747,8.668277073660436,0.1481761943873409,0.6897470595056577,,8.268481264421002,Safe,6.125,3.3341666666666665,5.9,2017,Safe,0.9978,0.0016,0.0006,0.9978,1
CIPLA,Pharma,2018,15155.71,1410.53,22672.9,4098.05,965.61,1783.69,114.23,9.91293250002284,0.2880030416348366,9.30692128577282,6.221215636288256,15.614899763634773,0.2222010005384682,0.6684504408346528,5.289736416315072,7.421470395094882,Safe,6.270833333333333,3.9625,7.399999999999999,2018,Safe,0.9994,0.0004,0.0003,0.9994,1
CIPLA,Pharma,2019,16362.41,1527.7,23761.91,4316.23,618.81,2247.57,168.43,10.176335639889478,0.2875132891206399,9.336644174055046,6.429196979535737,13.344237962358248,0.1395791040736229,0.6885982650384586,7.962015636350928,6.788419609868575,Safe,5.729166666666667,3.7066666666666666,5.1000000000000005,2019,Safe,0.9993,0.0005,0.0002,0.9993,1
CIPLA,Pharma,2020,17131.99,1546.52,23422.79,2816.43,1003.91,2375.54,197.36,9.811076571718582,0.1786734758611939,9.027089088891598,6.602629319564407,12.036582894203486,0.2072755277328136,0.7314239678535307,4.703341378195525,15.366950542865148,Safe,4.258333333333334,6.645833333333333,-10.4,2020,Safe,0.9998,0.0001,0.0001,0.9998,1
CIPLA,Pharma,2021,19159.59,2404.87,24855.28,2014.41,1401.23,3450.76,160.7,13.12234230920965,0.109917698549589,12.55178216235316,9.675489473463989,21.473304293715,0.3103953180309857,0.770845872587233,11.835169177661186,24.0658001909866,Safe,4.0,5.14,5.0,2021,Safe,0.9994,0.0004,0.0002,0.9994,1
CIPLA,Pharma,2022,21763.34,2516.75,26857.16,1055.78,1928.48,3599.62,106.35,12.075556252875844,0.0506571204158587,11.5641716758549,9.370871678167012,33.846920545369066,0.3888307535349992,0.8103366104234402,13.589800199273585,50.0,Safe,5.033333333333334,6.696666666666666,5.800000000000001,2022,Safe,0.9986,0.0011,0.0003,0.9986,1
CIPLA,Pharma,2023,22753.12,2801.91,29300.0,803.12,1564.62,4147.89,109.54,11.969994591541786,0.0343099601927222,12.314399080214054,9.56283276450512,37.866441482563445,0.3074453243206067,0.7765569965870307,4.547923250751018,50.0,Safe,6.479166666666667,5.648333333333333,6.949999999999999,2023,Safe,0.9944,0.0053,0.0003,0.9944,1
CIPLA,Pharma,2024,25774.09,4121.55,32532.53,559.41,874.97,5791.78,89.88,15.432800265703802,0.0209466409400282,15.99105923817291,12.669011601618443,64.43902981753449,0.1661328082723684,0.7922559358279236,13.277168142215224,50.0,Safe,6.479166666666667,4.940833333333333,6.8,2024,Safe,0.9903,0.0093,0.0003,0.9903,1
CIPLA,Pharma,2025,27547.62,5272.52,37333.51,438.19,799.84,6882.820000000001,62.01,16.902651037317128,0.0140475003566453,19.13965707382344,14.122754597679137,110.995323334946,0.1402767863876237,0.7378791868217052,6.8810576823468805,50.0,Safe,5.875,3.293333333333333,6.5,2025,Safe,0.9989,0.0009,0.0002,0.9989,1
CIPLA,Pharma,2026,28162.59,3879.23,42495.98,613.77,1307.42,5278.02,54.39,11.266367429088392,0.0178255951231341,13.774407822575975,9.128463445248231,97.04026475455048,0.1754864930888318,0.6627118612160491,2.2323888597272745,,Grey,,,,2026,Grey,0.0232,0.9767,0.0001,0.9767,1
COALINDIA,Energy,2017,78163.6,9280.02,118586.99,3014.47,31149.19,14856.76,410.44,37.84968568106243,0.1229488104497536,11.872559605749991,7.825495865946172,36.19715427346263,0.3420941737815502,0.6591245801921441,,16.686256243755643,Safe,6.125,3.3341666666666665,5.9,2017,Safe,0.993,0.0067,0.0003,0.993,1
COALINDIA,Energy,2018,85244.24,7038.56,125470.67,1537.72,31279.98,11200.41,430.1,34.88106789621156,0.0762049563054977,8.256933254375896,5.609725364501521,26.041408974657056,0.3014815495197737,0.6793957504172091,9.058743456033236,31.766034030067445,Safe,6.270833333333333,3.9625,7.399999999999999,2018,Safe,0.9855,0.0139,0.0006,0.9855,1
COALINDIA,Energy,2019,99585.61,17463.07,133021.45,2209.94,31124.23,27390.55,263.68,66.01012128455945,0.083535373466177,17.535736337810253,13.128010557695768,103.87799605582524,0.2982494504168744,0.7486432451307664,16.8238581281269,20.461969359681483,Safe,5.729166666666667,3.7066666666666666,5.1000000000000005,2019,Safe,0.9945,0.0054,0.0002,0.9945,1
COALINDIA,Energy,2020,96080.34,16714.19,150020.44,6433.77,28448.96,24574.24,502.92,51.97696172394621,0.200074198648378,17.39605625875179,11.141275148906375,48.86311938280441,0.255308479109035,0.6404483282411383,-3.519855930992444,5.725440061037348,Safe,4.258333333333334,6.645833333333333,-10.4,2020,Safe,0.9899,0.0097,0.0005,0.9899,1
COALINDIA,Energy,2021,90026.01,12699.89,161050.84,5884.23,17310.3,18651.480000000003,642.24,34.7776783425746,0.1611351422994433,14.106911991323395,7.885640335685302,29.041292974588945,0.1458947275267226,0.5589912477327035,-6.3013203325467,7.026766068810494,Safe,4.0,5.14,5.0,2021,Safe,0.9932,0.0064,0.0004,0.9932,1
COALINDIA,Energy,2022,109715.42,17358.1,179436.33,3513.64,29965.23,24157.77,541.49,40.23383609499934,0.0814416415718503,15.821021329545108,9.673682024147508,44.61351086816008,0.225676374354052,0.6114448506609559,21.870801560571216,19.53823367793465,Safe,5.033333333333334,6.696666666666666,5.800000000000001,2022,Safe,0.9939,0.0058,0.0003,0.9939,1
COALINDIA,Energy,2023,138251.91,31763.23,221395.85,4331.42,39921.71,43958.91,684.31,52.20529320333521,0.0711901941606033,22.974894162402528,14.346804603609325,64.2382984319972,0.2555455555093249,0.6244557429599515,26.00955271373888,28.894987322606784,Safe,6.479166666666667,5.648333333333333,6.949999999999999,2023,Safe,0.9954,0.0045,0.0001,0.9954,1
COALINDIA,Energy,2024,144762.42,37402.29,236469.56,6523.03,30235.17,49631.98,819.37,45.2101891241582,0.0788474235033624,25.83701626430395,15.816957582193666,60.57334293420555,0.2053785999215442,0.6121820499856303,4.709164596713356,21.214275348089306,Safe,6.479166666666667,4.940833333333333,6.8,2024,Safe,0.9949,0.005,0.0001,0.9949,1
COALINDIA,Energy,2025,143368.92,35358.16,258985.29,9145.73,34215.31,47849.84,883.65,35.677502186571566,0.0922833094461909,24.662360572988906,13.652574630783084,54.15021784643242,0.2269903586859662,0.5535793944127098,-0.9626117054412298,17.046822728408774,Safe,5.875,3.293333333333333,6.5,2025,Safe,0.9919,0.0079,0.0003,0.9919,1
COALINDIA,Energy,2026,168400.29,31094.29,285660.27,14072.18,52574.37,43139.35,1216.26,26.107374244300413,0.1181527765043547,18.46451095778992,10.885059374900122,35.46885534342986,0.3447804209329178,0.5895124652791234,17.459411705131057,,Grey,,,,2026,Grey,0.0114,0.9885,0.0001,0.9885,1
COFORGE,IT,2017,2802.1,250.1,2406.9,25.4,407.5,356.6,6.0,14.829528609546395,0.0150607767565965,8.925448770564934,10.390959325273172,59.43333333333334,0.5863309352517986,1.1641946071710498,,19.475064479558068,Safe,6.125,3.3341666666666665,5.9,2017,Safe,0.9955,0.0036,0.0008,0.9955,1
COFORGE,IT,2018,2991.4,280.2,2624.3,22.5,418.3,413.0,9.4,15.794813979706875,0.0126832018038331,9.366851641371932,10.677132949738976,43.93617021276596,0.5053152935491665,1.139884921693404,6.755647550051758,37.06647032817628,Safe,6.270833333333333,3.9625,7.399999999999999,2018,Safe,0.9933,0.005,0.0017,0.9933,1
COFORGE,IT,2019,3676.2,403.3,2833.9,13.6,557.6,571.6,9.2,19.461467934179414,0.0065627563576702,10.970567433763126,14.231271392780268,62.1304347826087,0.7454545454545455,1.2972229083595044,22.892291234873284,50.0,Safe,5.729166666666667,3.7066666666666666,5.1000000000000005,2019,Safe,0.9966,0.0029,0.0005,0.9966,1
COFORGE,IT,2020,4183.9,444.0,3400.1,35.2,903.4,610.9,15.5,18.527018568746087,0.0146880867932401,10.612108319988527,13.05843945766301,39.41290322580645,0.932878975629905,1.2305226316873032,13.810456449594689,50.0,Safe,4.258333333333334,6.645833333333333,-10.4,2020,Safe,0.9968,0.0028,0.0004,0.9968,1
COFORGE,IT,2021,4662.8,455.6,3483.9,82.6,812.2,610.5,14.3,18.474514415473827,0.0334941810956571,9.770953075405336,13.077298429920493,42.69230769230769,0.8684773310521814,1.3383851430867706,11.446258275771417,50.0,Safe,4.0,5.14,5.0,2021,Safe,0.9965,0.0031,0.0004,0.9965,1
COFORGE,IT,2022,6432.0,661.7,4877.8,489.6,453.5,926.5,65.0,24.21060334418792,0.179137243423219,10.287624378109452,13.565541842633976,14.253846153846156,0.2740015709020603,1.3186272499897491,37.94286694689886,7.982727570203615,Safe,5.033333333333334,6.696666666666666,5.800000000000001,2022,Safe,0.9927,0.0068,0.0005,0.9927,1
COFORGE,IT,2023,8014.6,693.8,5625.1,562.2,578.7,1031.8,80.6,22.50770478507705,0.1823844282238443,8.656701519726498,12.334002951058649,12.801488833746898,0.2922136942031912,1.424792448134255,24.60509950248757,10.46779967536894,Safe,6.479166666666667,5.648333333333333,6.949999999999999,2023,Safe,0.9952,0.0045,0.0003,0.9952,1
COFORGE,IT,2024,9008.9,808.0,6061.1,726.0,335.2,1182.0,125.5,22.279821320244857,0.2001875034467545,8.968908523793138,13.330913530547258,9.418326693227092,0.1961954931226222,1.4863473626899406,12.406108851346277,12.442274809868175,Safe,6.479166666666667,4.940833333333333,6.8,2024,Safe,0.9859,0.0137,0.0004,0.9859,1
COFORGE,IT,2025,12050.7,812.1,12272.3,1070.4,883.2,1403.4,134.7,12.73043641835967,0.1677953348382242,6.739027608354702,6.617341492629744,10.418708240534524,0.1831339291268376,0.9819430750552056,33.76438854910147,7.913634463879676,Safe,5.875,3.293333333333333,6.5,2025,Safe,0.9984,0.0013,0.0003,0.9984,1
COFORGE,IT,2026,16402.7,1555.7,14881.4,727.8,1099.2,2171.6,168.6,16.31123133702399,0.0763085052843482,9.484414151328744,10.453989543994515,12.880189798339265,0.2381282495667244,1.102228284973188,36.11408465898247,,Grey,,,,2026,Grey,0.0334,0.9664,0.0002,0.9664,1
COLPAL,FMCG,2017,3981.82,577.43,2310.65,,294.3,,,45.33129219657717,,14.501660044904089,24.989937896262955,,0.2838404783719921,1.723246705472486,,,Grey,6.125,3.3341666666666665,5.9,2017,Grey,0.0038,0.9938,0.0024,0.9938,1
COLPAL,FMCG,2018,4187.97,673.37,2563.86,,456.16,,,44.166704927817605,,16.078672960885584,26.263914566317972,,0.4389319220591773,1.6334628255833,5.177280740967705,,Grey,6.270833333333333,3.9625,7.399999999999999,2018,Grey,0.0045,0.9904,0.0051,0.9904,1
COLPAL,FMCG,2019,4462.43,775.57,2626.48,83.14,399.35,1145.05,2.5,53.60774148954553,0.057466735787109,17.379992515288755,29.52887514848771,458.02,0.3641743951704831,1.6990154122628005,6.55353309598683,50.0,Safe,5.729166666666667,3.7066666666666666,5.1000000000000005,2019,Safe,0.9792,0.0197,0.0011,0.9792,1
COLPAL,FMCG,2020,4525.08,816.47,2603.97,101.5,421.27,1052.9799999999998,9.62,51.21631454810056,0.0636698951171777,18.043216915502047,31.35481591569796,109.45738045738044,0.4637954002488137,1.737761955782901,1.4039435912720055,50.0,Safe,4.258333333333334,6.645833333333333,-10.4,2020,Safe,0.9884,0.0109,0.0007,0.9884,1
COLPAL,FMCG,2021,4841.22,1035.39,2894.01,91.18,867.64,1357.48,7.26,88.80911944830426,0.0782083612097507,21.38696444284705,35.777001461639735,186.98071625344355,0.5300280396097669,1.6728414898359023,6.98639582062639,50.0,Safe,4.0,5.14,5.0,2021,Safe,0.9891,0.0101,0.0007,0.9891,1
COLPAL,FMCG,2022,5099.78,1078.32,2901.83,83.05,754.71,1414.9,5.89,62.16247377037839,0.047876265363064,21.144441524928524,37.15999903509165,240.22071307300516,0.6961627156166407,1.7574358249794095,5.340802524983368,50.0,Safe,5.033333333333334,6.696666666666666,5.800000000000001,2022,Safe,0.9919,0.0076,0.0005,0.9919,1
COLPAL,FMCG,2023,5226.2,1047.15,2882.99,68.96,923.0,1414.59,4.91,61.00886162235856,0.040177348970805,20.036546630438945,36.32166604809591,288.10386965376784,0.8408950111147552,1.8127707692361057,2.4789304636670506,50.0,Safe,6.479166666666667,5.648333333333333,6.949999999999999,2023,Safe,0.9871,0.0123,0.0005,0.9871,1
COLPAL,FMCG,2024,5680.43,1323.66,3196.53,71.75,1373.78,1786.33,5.0,70.61930472267868,0.0382797328154676,23.302109171312736,41.40927818603298,357.266,1.098654851969738,1.7770613759295235,8.691401017948031,50.0,Safe,6.479166666666667,4.940833333333333,6.8,2024,Safe,0.9798,0.0195,0.0007,0.9798,1
COLPAL,FMCG,2025,6040.17,1436.81,3018.55,60.84,1095.13,1934.16,4.32,86.32237288746568,0.0365521757676617,23.787575515258677,47.59934405592088,447.7222222222222,0.8468111100801089,2.00101704460751,6.332971271541066,50.0,Safe,5.875,3.293333333333333,6.5,2025,Safe,0.9951,0.0044,0.0005,0.9951,1
COLPAL,FMCG,2026,6035.04,1325.31,3408.22,47.41,1468.82,1787.75,3.79,83.66275069281805,0.029928477189084,21.96025212757496,38.885693998626856,471.7018469656992,0.8267124444194293,1.7707307626855076,-0.0849313843815702,,Grey,,,,2026,Grey,0.0573,0.9423,0.0003,0.9423,1
DABUR,FMCG,2017,7613.59,1276.94,7732.24,975.0,304.81,1664.68,54.03,26.342836041663663,0.2011391697387666,16.771851386796506,16.514489979617807,30.810290579307797,0.1595989213812603,0.9846551581430478,,37.08209776070396,Safe,6.125,3.3341666666666665,5.9,2017,Safe,0.9936,0.0059,0.0005,0.9936,1
DABUR,FMCG,2018,7721.85,1354.39,8701.63,937.59,306.06,1746.14,53.05,23.734079614195696,0.1643015357871347,17.539708748551188,15.564784988559618,32.91498586239397,0.1487518954858276,0.8874027050104407,1.4219310469830937,47.64128033323442,Safe,6.270833333333333,3.9625,7.399999999999999,2018,Safe,0.9865,0.0125,0.001,0.9865,1
DABUR,FMCG,2019,8514.99,1442.33,8436.64,699.37,328.16,1784.4499999999998,59.58,25.6110077277118,0.1241849678959031,16.938716310882338,17.09602400955831,29.95048674051695,0.1558518040074278,1.0092868724990045,10.27137279278929,50.0,Safe,5.729166666666667,3.7066666666666666,5.1000000000000005,2019,Safe,0.9923,0.0073,0.0004,0.9923,1
DABUR,FMCG,2020,8684.64,1444.96,9336.58,521.99,811.37,1777.18,49.54,21.874276198766225,0.0790205502781667,16.638110503141178,15.47633073352341,35.873637464675014,0.3673285525434164,0.9301735753348656,1.992368752047846,50.0,Safe,4.258333333333334,6.645833333333333,-10.4,2020,Safe,0.9987,0.0012,0.0002,0.9987,1
DABUR,FMCG,2021,9561.65,1693.3,10833.22,509.06,1329.03,2086.83,30.81,22.095561705897936,0.0664263074588342,17.70928657710751,15.63062505884677,67.73222979552094,0.4995170316804666,0.882623079749142,10.098403618342267,50.0,Safe,4.0,5.14,5.0,2021,Safe,0.9971,0.0026,0.0003,0.9971,1
DABUR,FMCG,2022,10888.68,1739.22,12283.86,1030.1,570.14,2307.28,38.6,20.75119611516113,0.1229045613448987,15.972734987160978,14.158578818058816,59.7740932642487,0.1984849223313814,0.8864216948092863,13.878671568191692,50.0,Safe,5.033333333333334,6.696666666666666,5.800000000000001,2022,Safe,0.9979,0.0018,0.0003,0.9979,1
DABUR,FMCG,2023,11529.89,1707.15,13652.28,1173.79,325.92,2296.92,78.24,19.024858301219403,0.1308097614467874,14.806299106062593,12.504504742065064,29.357361963190183,0.0929810597307452,0.8445395201387607,5.888776233666526,50.0,Safe,6.479166666666667,5.648333333333333,6.949999999999999,2023,Safe,0.9943,0.0055,0.0002,0.9943,1
DABUR,FMCG,2024,12404.01,1842.68,15116.36,1365.09,666.36,2482.92,124.18,18.676504870113416,0.1383588579305311,14.855518497647132,12.189971659844035,19.99452407795136,0.1715225600197685,0.8205685760328545,7.581338590394182,40.89561824804894,Safe,6.479166666666667,4.940833333333333,6.8,2024,Safe,0.997,0.0028,0.0002,0.997,1
DABUR,FMCG,2025,12563.09,1767.63,16229.75,950.37,578.01,2421.39,163.5,16.365898845351552,0.0879916005366324,14.070025765954078,10.89129530645882,14.809724770642202,0.1290578271771433,0.7740778508603029,1.282488485578459,50.0,Safe,5.875,3.293333333333333,6.5,2025,Safe,0.9995,0.0004,0.0001,0.9995,1
DABUR,FMCG,2026,13192.57,1895.03,17479.91,1287.32,562.07,2565.83,145.4,16.594655467129964,0.1127297819873339,14.364373279808255,10.8411885415886,17.64669876203576,0.1177585914306725,0.7547275701076264,5.010550748263354,,Grey,,,,2026,Grey,0.1178,0.882,0.0003,0.882,1
DIVISLAB,Pharma,2017,4064.34,1060.42,6154.97,35.74,78.7,1398.6999999999998,3.36,19.79359352221884,0.0066711589038692,26.090829015289074,17.22867861256838,416.2797619047618,0.1033025307151107,0.660334656383378,,50.0,Safe,6.125,3.3341666666666665,5.9,2017,Safe,0.9955,0.0041,0.0004,0.9955,1
DIVISLAB,Pharma,2018,3891.49,877.01,6784.82,63.11,112.46,1233.6999999999998,2.37,14.802356197677558,0.0106518363489062,22.53661194041357,12.926061413567346,520.5485232067509,0.1411200762946882,0.5735583257919886,-4.2528430200229455,50.0,Safe,6.270833333333333,3.9625,7.399999999999999,2018,Safe,0.9916,0.0074,0.001,0.9916,1
DIVISLAB,Pharma,2019,4946.26,1352.74,8035.91,105.6,115.26,1859.75,4.68,19.443881474454336,0.0151786291800521,27.348744303777,16.83368778395975,397.3824786324786,0.1184389000780961,0.6155195864562943,27.1045280856433,50.0,Safe,5.729166666666667,3.7066666666666666,5.1000000000000005,2019,Safe,0.9953,0.0044,0.0003,0.9953,1
DIVISLAB,Pharma,2020,5394.42,1376.54,8531.32,38.85,122.63,1826.6,7.14,18.83112263882505,0.0053146956464639,25.517849926405432,16.13513500841605,255.8263305322129,0.1036996321508604,0.6323077788665764,9.060583147671174,50.0,Safe,4.258333333333334,6.645833333333333,-10.4,2020,Safe,0.9963,0.0034,0.0003,0.9963,1
DIVISLAB,Pharma,2021,6969.4,1984.29,10770.84,4.83,2156.03,2668.14,2.1,21.34882474896741,0.0005196560156908,28.471460957901684,18.42279710774647,1270.542857142857,1.4652915590593991,0.6470618818959338,29.196465977806696,50.0,Safe,4.0,5.14,5.0,2021,Safe,0.9956,0.004,0.0004,0.9956,1
DIVISLAB,Pharma,2022,8959.83,2960.45,13360.24,3.69,2818.88,3685.5,2.0,25.242194441081224,0.0003146268218939,33.041363508012985,22.158658826488143,1842.75,1.731105338467302,0.67063391076807,28.55956036387639,50.0,Safe,5.033333333333334,6.696666666666666,5.800000000000001,2022,Safe,0.9862,0.0132,0.0006,0.9862,1
DIVISLAB,Pharma,2023,7767.51,1823.38,14424.53,3.26,4213.09,2370.59,1.96,14.281876292874884,0.0002553440133969,23.474446766080764,12.64082781206736,1209.484693877551,2.54693564182858,0.5384931086142841,-13.307395341206252,50.0,Safe,6.479166666666667,5.648333333333333,6.949999999999999,2023,Safe,0.999,0.0009,0.0001,0.999,1
DIVISLAB,Pharma,2024,7845.0,1600.0,15460.0,3.0,3980.0,2167.0,4.0,11.78984599513669,0.0002210596124088,20.39515615041428,10.34928848641656,541.75,2.110286320254507,0.5074385510996119,0.9976169969526882,50.0,Safe,6.479166666666667,4.940833333333333,6.8,2024,Safe,0.9987,0.0012,0.0001,0.9987,1
DIVISLAB,Pharma,2025,9360.0,2191.0,16921.0,4.0,3715.0,2919.0,3.0,14.636916293673591,0.0002672189190994,23.40811965811966,12.94840730453283,973.0,1.9070841889117045,0.5531587967614208,19.311663479923524,50.0,Safe,5.875,3.293333333333333,6.5,2025,Safe,0.9994,0.0004,0.0001,0.9994,1
DIVISLAB,Pharma,2026,10560.0,2568.0,20033.0,7.0,3414.0,3411.0,23.0,15.32128154644711,0.0004176361792255,24.31818181818182,12.81884889931613,148.30434782608697,1.045635528330781,0.5271302351120651,12.82051282051282,,Grey,,,,2026,Grey,0.0261,0.9738,0.0001,0.9738,1
DRREDDY,Pharma,2017,14196.1,1292.1,21654.5,4918.5,386.5,1617.1,63.4,10.537346783992954,0.4011140016799732,9.101795563570276,5.966889099263432,25.506309148264982,0.0863899506023827,0.6555727446950981,,2.3876856866475364,Grey,6.125,3.3341666666666665,5.9,2017,Grey,0.0495,0.9466,0.0039,0.9466,1
DRREDDY,Pharma,2018,14281.0,946.8,22349.3,5071.4,263.8,1429.2,78.8,7.531260937350853,0.4034013172547647,6.629787829983895,4.2363742936020365,18.13705583756345,0.0560525253383762,0.6389909303647094,0.5980515775459327,2.3753067868932862,Grey,6.270833333333333,3.9625,7.399999999999999,2018,Grey,0.0483,0.9443,0.0074,0.9443,1
DRREDDY,Pharma,2019,15448.2,1950.0,22418.3,3838.1,222.8,2424.7000000000003,88.9,13.905131350009984,0.2736886391511452,12.6228298442537,8.698250982456297,27.274465691788528,0.0488961067462581,0.6890888247547763,8.173097122050276,3.121657186363297,Safe,5.729166666666667,3.7066666666666666,5.1000000000000005,2019,Safe,0.9956,0.004,0.0003,0.9956,1
DRREDDY,Pharma,2020,17517.0,2026.0,23223.3,2210.2,205.3,1984.0,98.3,12.98817857783932,0.1416903864399825,11.565907404235883,8.72399702023399,20.18311291963377,0.0379181057569769,0.7542855666507344,13.391851477842076,6.253194826710413,Safe,4.258333333333334,6.645833333333333,-10.4,2020,Safe,0.9985,0.0013,0.0002,0.9985,1
DRREDDY,Pharma,2021,19047.5,1951.6,26587.9,3030.8,2078.8,2980.5,97.0,11.062425956682178,0.1717975025082616,10.245964037275233,7.340181059805399,30.72680412371134,0.3514217128173919,0.71639730855013,8.737226694068623,4.983111780616478,Safe,4.0,5.14,5.0,2021,Safe,0.9993,0.0005,0.0002,0.9993,1
DRREDDY,Pharma,2022,21545.2,2182.5,29745.5,3384.5,2419.2,3157.2000000000003,95.8,11.35985092960796,0.1761622702004955,10.129866513190873,7.337244289052125,32.956158663883095,0.3384159136054612,0.7243179640617908,13.113006956293471,4.235028296907706,Safe,5.033333333333334,6.696666666666666,5.800000000000001,2022,Safe,0.9992,0.0006,0.0002,0.9992,1
DRREDDY,Pharma,2023,24669.7,4507.3,32209.1,1347.2,1730.2,6191.3,142.8,19.356182443603696,0.0578542564018878,18.270591048938574,13.993871297242086,43.35644257703081,0.2283851210433221,0.7659232949694341,14.502070066650584,10.686667437321514,Safe,6.479166666666667,5.648333333333333,6.949999999999999,2023,Safe,0.9962,0.0036,0.0002,0.9962,1
DRREDDY,Pharma,2024,28011.1,5577.9,38779.7,2002.0,1727.7,7372.1,171.1,19.74142446593145,0.0708552175205628,19.91317727615124,14.383556345201226,43.0864991233197,0.2027126916894484,0.7223134784436187,13.544550602561037,9.05453223266452,Safe,6.479166666666667,4.940833333333333,6.8,2024,Safe,0.9968,0.0031,0.0002,0.9968,1
DRREDDY,Pharma,2025,32643.9,5655.1,48022.8,4676.6,2460.2,7962.4,282.9,16.85593866990963,0.1393936142308701,17.323604103676338,11.775864797554494,28.14563449982326,0.251127942347345,0.679758364776731,16.539157691058204,15.630735772490969,Safe,5.875,3.293333333333333,6.5,2025,Safe,0.9977,0.0021,0.0003,0.9977,1
DRREDDY,Pharma,2026,33700.2,4196.0,58123.4,7734.1,3348.7,5766.5,373.8,11.07372365834026,0.2041117401000224,12.450964682702182,7.21912345114016,15.4266987693954,0.2679431579958072,0.5798043473024633,3.2358266016008885,,Grey,,,,2026,Grey,0.01,0.99,0.0001,0.99,1
EMAMILTD,FMCG,2017,2488.17,340.42,2603.16,472.96,50.05,481.63,58.01,19.40046731635037,0.2695389525274975,13.681541052259291,13.077183115905283,8.302534045854163,0.133288948069241,0.9558267643940442,,18.774105384458828,Safe,6.125,3.3341666666666665,5.9,2017,Safe,0.9571,0.0403,0.0026,0.9571,1
EMAMILTD,FMCG,2018,2530.55,307.14,2797.85,325.92,79.52,426.87,34.31,15.253201960657725,0.1618585525498979,12.137282408962475,10.97771503118466,12.441562226756048,0.173503229184849,0.9044623550226067,1.703259825494241,17.49683021348154,Safe,6.270833333333333,3.9625,7.399999999999999,2018,Safe,0.9332,0.0608,0.006,0.9332,1
EMAMILTD,FMCG,2019,2694.63,303.23,2818.52,109.87,203.41,424.82,21.4,14.606032580946602,0.052922362552142,11.253121949952313,10.75848317556732,19.85140186915888,0.3215510836402725,0.9560443069412315,6.483965936258906,50.0,Safe,5.729166666666667,3.7066666666666666,5.1000000000000005,2019,Safe,0.99,0.0091,0.0009,0.99,1
EMAMILTD,FMCG,2020,2654.88,302.91,2678.48,210.24,119.06,394.58,21.01,16.609184372858124,0.1152789581905414,11.409555234134878,11.309026014754638,18.78058067586863,0.1847352169932815,0.9911890325856456,-1.4751561438861691,50.0,Safe,4.258333333333334,6.645833333333333,-10.4,2020,Safe,0.9958,0.0037,0.0005,0.9958,1
EMAMILTD,FMCG,2021,2880.53,454.7,2519.69,100.74,360.37,582.1999999999999,13.27,25.79638612316682,0.0571525827589141,15.785289512693842,18.045870722192014,43.87339864355689,0.5490934024074356,1.143208093059067,8.49944253600916,50.0,Safe,4.0,5.14,5.0,2021,Safe,0.9956,0.0039,0.0004,0.9956,1
EMAMILTD,FMCG,2022,3192.03,838.99,3049.94,281.55,116.0,693.07,5.07,40.40209958586151,0.1355822016758162,26.283900840530944,27.508410001508228,136.70019723865877,0.1676809436389656,1.0465878017272472,10.813982149118395,39.933663427205104,Safe,5.033333333333334,6.696666666666666,5.800000000000001,2022,Safe,0.9917,0.0077,0.0005,0.9917,1
EMAMILTD,FMCG,2023,3405.73,639.57,3096.41,90.51,184.74,676.9399999999999,7.39,27.77357998957791,0.039304325169359,18.77923382064932,20.655210388805106,91.60216508795668,0.2627506755795761,1.0998963315581594,6.6947992343430185,50.0,Safe,6.479166666666667,5.648333333333333,6.949999999999999,2023,Safe,0.9915,0.008,0.0005,0.9915,1
EMAMILTD,FMCG,2024,3578.09,723.53,3268.82,93.95,201.38,800.8100000000001,9.98,29.572997518995827,0.0384003858431531,20.22112356033526,22.13428699041244,80.24148296593187,0.2765145273795792,1.0946121230291053,5.060882688880208,50.0,Safe,6.479166666666667,4.940833333333333,6.8,2024,Safe,0.9899,0.0096,0.0005,0.9899,1
EMAMILTD,FMCG,2025,3809.19,806.47,3525.22,89.79,272.9,903.21,9.34,29.92700729927008,0.0333198505263861,21.17169266957017,22.87715376628977,96.703426124197,0.3684651112551306,1.0805538377746635,6.458753133655093,50.0,Safe,5.875,3.293333333333333,6.5,2025,Safe,0.9975,0.0021,0.0004,0.9975,1
EMAMILTD,FMCG,2026,3779.51,775.27,3836.44,161.92,409.84,857.2,11.13,26.51420324352424,0.0553765757631721,20.51244738074512,20.20805746994609,77.01707097933513,0.5460601700109254,0.9851607219192794,-0.7791682746200568,,Grey,,,,2026,Grey,0.2544,0.7449,0.0007,0.7449,1
FEDERALBNK,Banking,2017,8783.27,866.87,115485.74,104007.57,3955.24,6994.56,5652.58,9.684215935661246,11.619178963667016,9.869558831733512,0.750629471655981,1.237410173761362,1.5653158144688932,0.0760550177017526,,0.4957423106558303,Distress,6.125,3.3341666666666665,5.9,2017,Distress,0.0022,0.0058,0.992,0.992,1
FEDERALBNK,Banking,2018,9914.9,935.44,139213.66,124298.94,4396.41,7619.62,6226.42,7.621164324634357,10.126813554240426,9.434689205135706,0.6719455547681169,1.22375618734361,1.6650040901654244,0.0712207408382194,12.883925918251382,0.4701901880205897,Distress,6.270833333333333,3.9625,7.399999999999999,2018,Distress,0.0002,0.0029,0.997,0.997,1
FEDERALBNK,Banking,2019,11635.44,1316.29,160552.47,143585.22,5718.94,9276.43,7316.33,9.751560387457634,10.637321134221104,11.312765138232846,0.8198503579546301,1.267907543809533,1.6485846065148455,0.0724712612643081,17.35307466540259,0.4639326524567594,Distress,5.729166666666667,3.7066666666666666,5.1000000000000005,2019,Distress,0.0002,0.0014,0.9984,0.9984,1
FEDERALBNK,Banking,2020,13590.39,1580.2,183353.33,164779.63,4801.22,10738.27,8678.31,10.66092039324372,11.11696315566482,11.62733372625804,0.8618332702220353,1.2373687964592186,1.279867993836869,0.0741213153859818,16.80168519626244,0.4306565069314557,Distress,4.258333333333334,6.645833333333333,-10.4,2020,Distress,0.0005,0.0005,0.999,0.999,1
FEDERALBNK,Banking,2021,14314.08,1664.33,204966.52,184456.7,5979.85,10643.53,8434.96,10.084434332387096,11.176518348637751,11.62722298603892,0.8120009062943548,1.2618352665572807,1.4927718572994133,0.0698361859292922,5.325012747978541,0.4146889905231408,Distress,4.0,5.14,5.0,2021,Distress,0.0005,0.0008,0.9987,0.9987,1
FEDERALBNK,Banking,2022,14381.53,1969.79,226241.05,201264.91,14336.39,10605.65,7959.38,10.229741912968334,10.45232276251174,13.696665097524392,0.8706598559368426,1.3324718759501368,2.506090248959029,0.0635672880761471,0.4712143567731974,0.4659916725503658,Distress,5.033333333333334,6.696666666666666,5.800000000000001,2022,Distress,0.0006,0.0013,0.9981,0.9981,1
FEDERALBNK,Banking,2023,17811.78,3164.72,268004.06,238850.48,11520.34,14238.18,9975.24,14.305493840860915,10.79676581348958,17.76756730658025,1.180847782679113,1.4273521238586742,1.6384669976689512,0.066460858839228,23.851773768159568,0.4572517057846853,Distress,6.479166666666667,5.648333333333333,6.949999999999999,2023,Distress,0.0005,0.0064,0.9931,0.9931,1
FEDERALBNK,Banking,2024,23565.48,3880.43,317838.94,277614.63,10540.63,19755.67,14494.67,12.889503028531474,9.221438382214458,16.466585870519083,1.2208793548078154,1.3629610056662207,1.0416712784713054,0.074142834732585,32.30277939655666,0.5159593682618612,Distress,6.479166666666667,4.940833333333333,6.8,2024,Distress,0.0007,0.019,0.9803,0.9803,1
FEDERALBNK,Banking,2025,28106.08,4158.85,360243.53,316079.45,19560.23,23219.09,17631.27,12.041259667158196,9.151555677416946,14.796976312598556,1.154455154267448,1.3169266876407657,2.032073344934161,0.0780196663074004,19.26801406124552,0.5806426325732745,Distress,5.875,3.293333333333333,6.5,2025,Distress,0.0007,0.0035,0.9958,0.9958,1
FEDERALBNK,Banking,2026,29674.1,4345.3,402080.8,346684.14,15576.77,23634.99,17771.56,10.851581836630162,8.65779420677916,14.64340957265764,1.0807031820469917,1.329933331682756,1.0145320493823944,0.0738013354529736,5.5789352339422615,,Grey,,,,2026,Grey,0.0001,0.9673,0.0326,0.9673,1
GAIL,Energy,2017,48551.72,3368.16,58290.94,6553.35,1420.96,5692.219999999999,508.94,8.569315421058295,0.1667311624584116,6.937261954880279,5.778187828159917,11.184461822611702,0.1142921489298382,0.8329205190377784,,3.1949986365102543,Safe,6.125,3.3341666666666665,5.9,2017,Safe,0.9781,0.0204,0.0016,0.9781,1
GAIL,Energy,2018,54496.35,4799.07,61352.68,3876.42,2858.54,7222.809999999999,294.91,11.514478543769616,0.0930075096146532,8.80622280207757,7.822103288723491,24.49157370045098,0.180946708031364,0.8882472615703176,12.24391226510615,4.93726441578319,Safe,6.270833333333333,3.9625,7.399999999999999,2018,Safe,0.9951,0.0046,0.0004,0.9951,1
GAIL,Energy,2019,76189.89,6545.74,68426.37,2223.73,1425.1,9990.39,159.2,14.228601363791489,0.0483376481661417,8.591349849697906,9.566107335519918,62.75370603015077,0.0705546044417071,1.1134580133360867,39.80732654572279,5.786318712473651,Safe,5.729166666666667,3.7066666666666666,5.1000000000000005,2019,Safe,0.998,0.0018,0.0002,0.998,1
GAIL,Energy,2020,72517.7,9422.05,74933.78,6911.51,1250.17,10737.88,308.94,19.12397943909109,0.1402832452948907,12.992759009179828,12.573835191551794,34.75716967695993,0.0666614411203571,0.9677571316968128,-4.819786457232056,4.502758875077278,Safe,4.258333333333334,6.645833333333333,-10.4,2020,Safe,0.9945,0.0049,0.0006,0.9945,1
GAIL,Energy,2021,57371.91,6136.35,81030.4,7872.61,2024.64,7904.72,179.27,11.538322683808198,0.1480305304354791,10.695739430672608,7.572898566463945,44.093936520332456,0.1013564149994117,0.7080294556117211,-20.885645849220246,4.036430043728879,Safe,4.0,5.14,5.0,2021,Safe,0.9961,0.0035,0.0004,0.9961,1
GAIL,Energy,2022,92769.83,12256.07,96584.21,9215.72,2804.03,15666.0,202.48,19.11597541140601,0.1437389611175544,13.211267068183696,12.68951726167248,77.37060450414856,0.1205816065134012,0.9605072092011728,61.69904400951616,4.517153428494396,Safe,5.033333333333334,6.696666666666666,5.800000000000001,2022,Safe,0.9969,0.0027,0.0004,0.9969,1
GAIL,Energy,2023,145668.3,5616.0,107805.29,17816.18,1102.97,7621.16,364.78,8.649657009371847,0.2744014355719917,3.855334345221301,5.20939185822885,20.89248314052305,0.0440102179901746,1.3512166239708645,57.02119967235036,5.309385192301574,Safe,6.479166666666667,5.648333333333333,6.949999999999999,2023,Safe,0.992,0.0077,0.0002,0.992,1
GAIL,Energy,2024,133228.46,9899.22,124735.01,21793.77,1712.13,13314.21,719.2,12.856600722260216,0.2830463401386908,7.430259270429156,7.936200109335783,18.512527808676307,0.0659931406264092,1.0680919494855534,-8.53984017112851,5.189595404945354,Safe,6.479166666666667,4.940833333333333,6.8,2024,Safe,0.9919,0.0079,0.0002,0.9919,1
GAIL,Energy,2025,141903.49,12449.8,133175.8,21595.38,2720.52,16843.5,747.99,14.647245714729424,0.2540706173295583,8.773427630285907,9.34839512884473,22.51834917579112,0.1023410940955585,1.065535104726234,6.5113940369797785,5.142336896996307,Safe,5.875,3.293333333333333,6.5,2025,Safe,0.9946,0.0051,0.0003,0.9946,1
GAIL,Energy,2026,141597.72,7582.47,140536.59,24831.49,2126.66,10689.4,964.18,8.514883840017248,0.2788501015164582,5.354937918491908,5.39537070025678,11.086519114688128,0.0797831591979141,1.0075505603202697,-0.2154774346987409,,Grey,,,,2026,Grey,0.0108,0.9891,0.0001,0.9891,1
GLENMARK,Pharma,2016,7561.67,743.05,10192.87,3988.11,857.12,1222.88,178.89,20.471727223636503,1.0987618606803982,9.826533027757096,7.289899704401213,6.835932696070212,0.3328466246233185,0.7418587699048452,,5.072968675279299,Safe,6.5,4.940833333333333,8.1,2016,Safe,0.9321,0.0666,0.0014,0.9321,1
GLENMARK,Pharma,2017,9079.41,1108.75,11763.86,4723.65,1057.66,1728.75,237.32,24.67985745225964,1.0514453993629422,12.211696574997717,9.425052661286346,7.284468228552166,0.4151463292093199,0.7718053428041476,20.07149214393116,3.701683818903852,Safe,6.125,3.3341666666666665,5.9,2017,Safe,0.9821,0.0165,0.0014,0.9821,1
GLENMARK,Pharma,2018,9074.42,803.87,12595.37,4639.38,1234.69,1404.9,285.57,15.568376366326584,0.898498686932069,8.858637797236629,6.382265864361269,4.919634415379766,0.4421434480091387,0.7204568027775285,-0.0549595182946838,3.9688823247635874,Safe,6.270833333333333,3.9625,7.399999999999999,2018,Safe,0.9626,0.0347,0.0026,0.9626,1
GLENMARK,Pharma,2019,9865.47,924.99,13288.79,4448.67,937.77,1635.2099999999998,334.59,16.502384397317485,0.7936697953146994,9.376035809748547,6.960678887995068,4.887205236259303,0.2898888074857879,0.7423903906977233,8.717361550380076,2.820777837715186,Grey,5.729166666666667,3.7066666666666666,5.1000000000000005,2019,Grey,0.0962,0.8999,0.0039,0.8999,1
GLENMARK,Pharma,2020,10640.97,775.97,14668.36,4868.63,1111.24,1473.39,377.32,12.78261628759363,0.8020133399006014,7.292286323521259,5.290093780081754,3.90488179794339,0.29798188361105,0.7254369268275389,7.860750678883011,3.10495736459929,Safe,4.258333333333334,6.645833333333333,-10.4,2020,Safe,0.9923,0.0064,0.0013,0.9923,1
GLENMARK,Pharma,2021,10943.93,970.04,15574.83,4985.72,1139.16,1735.59,353.11,13.73093849217864,0.7057298117523494,8.86372628479897,6.22825417677111,4.915153918042536,0.3232136371890322,0.702667701669938,2.8471088631957464,3.290287113592006,Safe,4.0,5.14,5.0,2021,Safe,0.9518,0.0433,0.0049,0.9518,1
GLENMARK,Pharma,2022,12304.9,941.71,17051.79,3962.02,1411.52,1739.34,298.1,10.363665377229232,0.4360264784051328,7.653130053880974,5.522646009597819,5.834753438443475,0.3526049681248626,0.7216192552218857,12.435843431016092,3.4196990297626613,Safe,5.033333333333334,6.696666666666666,5.800000000000001,2022,Safe,0.9988,0.0009,0.0003,0.9988,1
GLENMARK,Pharma,2023,11583.24,297.25,19371.17,4607.88,1160.3,1055.85,349.04,3.1375574867029847,0.486374714611571,2.5662077277169426,1.5344968837710888,3.0250114600045834,0.2193649137135683,0.5979628489141338,-5.864818080602041,4.330098922866417,Safe,6.479166666666667,5.648333333333333,6.949999999999999,2023,Safe,0.9923,0.0071,0.0006,0.9923,1
GLENMARK,Pharma,2024,11813.1,-1501.67,14358.35,1230.93,1659.46,949.79,515.97,-19.13459982441229,0.156847729273834,-12.71190458050808,-10.458513687157648,1.840785316975793,0.3143220273170325,0.8227338099433431,1.984418867259952,23.579712599154902,Safe,6.479166666666667,4.940833333333333,6.8,2024,Safe,0.9836,0.0146,0.0018,0.9836,1
GLENMARK,Pharma,2025,13321.74,1047.1,15990.96,2472.67,1705.23,1606.28,207.07,11.832387134101142,0.2794154206367861,7.86008434333653,6.548074662184133,7.757183561114599,0.3652355505102969,0.8330794398835343,12.770906874571452,15.650227797224648,Safe,5.875,3.293333333333333,6.5,2025,Safe,0.999,0.0008,0.0002,0.999,1
GODREJCP,FMCG,2017,9267.91,1304.08,12940.25,4000.93,912.66,1841.32,154.19,24.59623346127368,0.7546148115316061,14.070917822896424,10.077703290121908,11.941889876126858,0.2509120600873708,0.7162079557968355,,4.658649958030091,Safe,6.125,3.3341666666666665,5.9,2017,Safe,0.9956,0.004,0.0004,0.9956,1
GODREJCP,FMCG,2018,9847.43,1634.18,13863.77,3507.57,960.21,2212.0,173.12,26.112161270374905,0.5604660044005491,16.594989758749236,11.78741424590858,12.777264325323475,0.2343181490962422,0.7102995794073329,6.252973971477926,10.48067933920914,Safe,6.270833333333333,3.9625,7.399999999999999,2018,Safe,0.9954,0.0041,0.0005,0.9954,1
GODREJCP,FMCG,2019,10314.34,2341.53,14093.55,3382.05,894.72,2323.54,238.21,32.22176658061463,0.465403499694506,22.701694921827283,16.614195855550946,9.754166491750976,0.2597471970457937,0.7318482568267045,4.741440152405252,13.591314302073634,Safe,5.729166666666667,3.7066666666666666,5.1000000000000005,2019,Safe,0.993,0.0066,0.0004,0.993,1
GODREJCP,FMCG,2020,9910.8,1496.58,14880.28,3574.97,770.16,1988.53,228.13,18.947984138479377,0.452621810097286,15.100496428139,10.05747203681651,8.71665278569237,0.2260555628934971,0.6660358541640344,-3.91241708146135,13.7578345398068,Safe,4.258333333333334,6.645833333333333,-10.4,2020,Safe,0.9994,0.0005,0.0002,0.9994,1
GODREJCP,FMCG,2021,11028.62,1720.82,14243.79,1863.97,672.21,2218.01,137.65,18.231149816186207,0.1974774602972804,15.603221436589529,12.081194682033365,16.113403559752996,0.2285713314200998,0.7742756667993561,11.278806958065957,32.4570820185024,Safe,4.0,5.14,5.0,2021,Safe,0.9993,0.0005,0.0002,0.9993,1
GODREJCP,FMCG,2022,12276.5,1783.39,16082.12,1704.34,1107.77,2277.5200000000004,122.26,15.432682614034526,0.1474861824188966,14.526860261475177,11.08927181242274,18.628496646491087,0.3925687049276184,0.7633632879247263,11.314924260696246,32.154168567181244,Safe,5.033333333333334,6.696666666666666,5.800000000000001,2022,Safe,0.9993,0.0005,0.0002,0.9993,1
GODREJCP,FMCG,2023,13315.97,1702.46,17437.26,1129.58,390.72,2321.21,188.48,12.341826981281304,0.0818878618088867,12.785099395688034,9.763345846767212,12.31541808149406,0.1554516700153176,0.7636503670874897,8.467152690098967,50.0,Safe,6.479166666666667,5.648333333333333,6.949999999999999,2023,Safe,0.9979,0.0019,0.0002,0.9979,1
GODREJCP,FMCG,2024,14096.11,-560.55,18392.08,3222.2,546.94,507.8,309.57,-4.449314485691629,0.2557591853678631,-3.976629013252592,-3.047779261508214,1.64033982621055,0.2127086971232562,0.7664228298267515,5.858679465333738,21.757555851380754,Safe,6.479166666666667,4.940833333333333,6.8,2024,Safe,0.9891,0.0092,0.0017,0.9891,1
GODREJCP,FMCG,2025,14364.29,1852.3,19297.5,4009.2,483.06,3032.94,361.05,15.43684959259818,0.3341219963647607,12.895172681698847,9.598652675216996,8.400332363938512,0.1468673706101079,0.7443601502785335,1.9025106926662705,20.490235124123814,Safe,5.875,3.293333333333333,6.5,2025,Safe,0.9955,0.0038,0.0006,0.9955,1
GODREJCP,FMCG,2026,15177.9,1861.47,21333.58,4415.81,1005.41,2921.73,331.57,14.711747062937894,0.3489945032581335,12.264344869843654,8.725539735946802,8.811804445516785,0.235745002133736,0.7114558362918928,5.664115664609937,,Grey,,,,2026,Grey,0.0063,0.9936,0.0001,0.9936,1
HCLTECH,IT,2017,47568.0,8606.0,45762.0,582.0,9044.0,10631.0,89.0,26.11915384381924,0.0176636620231266,18.091994618230743,18.805996241423014,119.4494382022472,0.739432589322214,1.039465058345352,,50.0,Safe,6.125,3.3341666666666665,5.9,2017,Safe,0.9969,0.0028,0.0002,0.9969,1
HCLTECH,IT,2018,50569.0,8721.0,47989.0,557.0,4018.0,11093.0,69.0,23.968009674050457,0.0153080855274006,17.245743439656707,18.17291462626852,160.768115942029,0.3637515842839037,1.0537623205317883,6.308863101244544,50.0,Safe,6.270833333333333,3.9625,7.399999999999999,2018,Safe,0.9947,0.005,0.0004,0.9947,1
HCLTECH,IT,2019,60427.0,10120.0,58349.0,4195.0,7872.0,12796.0,174.0,24.46453609244307,0.101411787458299,16.747480430933194,17.343913348986273,73.54022988505747,0.6155771035345636,1.035613292430033,19.49415649904092,11.328155256737672,Safe,5.729166666666667,3.7066666666666666,5.1000000000000005,2019,Safe,0.9981,0.0017,0.0001,0.9981,1
HCLTECH,IT,2020,70676.0,11057.0,82819.0,7986.0,4976.0,14485.0,505.0,21.56748005539626,0.1557727192931125,15.644631841077594,13.350801144664873,28.683168316831683,0.2111516591699906,0.8533790555307357,16.96096115974648,17.430671740663527,Safe,4.258333333333334,6.645833333333333,-10.4,2020,Safe,0.9968,0.0027,0.0004,0.9968,1
HCLTECH,IT,2021,75379.0,11145.0,86047.0,6864.0,8888.0,16364.0,511.0,18.60197286064794,0.1145661208752691,14.785285026333597,12.952223784675818,32.02348336594912,0.4612350804359107,0.8760212442037492,6.654309808138548,28.231024205994405,Safe,4.0,5.14,5.0,2021,Safe,0.9965,0.0031,0.0004,0.9965,1
HCLTECH,IT,2022,85651.0,13499.0,88921.0,6343.0,12636.0,17270.0,319.0,21.802823270988792,0.1024485576767774,15.760469813545669,15.180890903161234,54.13793103448276,0.6114982578397212,0.9632257846852824,13.627137531673284,25.59104847471899,Safe,5.033333333333334,6.696666666666666,5.800000000000001,2022,Safe,0.9905,0.0087,0.0008,0.9905,1
HCLTECH,IT,2023,101456.0,14851.0,93250.0,4794.0,14724.0,19841.0,353.0,22.706215121168107,0.0732971485360446,14.63787257530358,15.926005361930295,56.20679886685552,0.6387575376339422,1.088,18.452790977338275,47.770878212339234,Safe,6.479166666666667,5.648333333333333,6.949999999999999,2023,Safe,0.9928,0.007,0.0002,0.9928,1
HCLTECH,IT,2024,109913.0,15702.0,99006.0,5758.0,20150.0,21520.0,553.0,23.00221203287286,0.0843502336551279,14.285844258640926,15.859644870007877,38.91500904159132,0.8064838903342005,1.1101650405025958,8.335633180886305,50.0,Safe,6.479166666666667,4.940833333333333,6.8,2024,Safe,0.9907,0.0091,0.0002,0.9907,1
HCLTECH,IT,2025,117055.0,17390.0,104480.0,6276.0,21289.0,23905.0,644.0,24.96590338094896,0.0901012131218146,14.85626414933151,16.644333843797856,37.119565217391305,0.7457003747942135,1.1203579632465543,6.497866494409221,43.74346817069355,Safe,5.875,3.293333333333333,6.5,2025,Safe,0.9932,0.0064,0.0003,0.9932,1
HCLTECH,IT,2026,130144.0,16642.0,116258.0,5215.0,23425.0,22971.0,869.0,22.14062396061997,0.0693806958025676,12.787373985738872,14.314713826145296,26.433831990794012,0.6529070739729081,1.1194412427531868,11.181923027636586,,Grey,,,,2026,Grey,0.0053,0.9947,0.0001,0.9947,1
HDFCBANK,Banking,2017,73271.35,15280.48,892344.16,741549.89,33633.28,61434.55,38041.58,16.646500123374146,8.078417913163122,20.85464509661689,1.7123976022883367,1.6149316090446295,0.5700525014101618,0.0821110881702862,,0.5089828955979723,Distress,6.125,3.3341666666666665,5.9,2017,Distress,0.0002,0.0066,0.9931,0.9931,1
HDFCBANK,Banking,2018,85287.84,18510.02,1103186.17,944817.22,97138.14,70845.4,42381.48,16.888838442421942,8.620663503442042,21.70300009942801,1.6778691125179717,1.6716122230747956,1.9917674496235585,0.0773104688214138,16.399984441394878,0.5623756165866438,Distress,6.270833333333333,3.9625,7.399999999999999,2018,Distress,0.0001,0.0019,0.998,0.998,1
HDFCBANK,Banking,2019,105160.74,22332.43,1292805.71,1080235.46,39372.13,88030.85,53712.69,14.532467909386092,7.029457679719997,21.23647094913938,1.7274389977748474,1.638920895602138,0.6684845678745089,0.0813430349097081,23.300977020874257,0.544878157485795,Distress,5.729166666666667,3.7066666666666666,5.1000000000000005,2019,Distress,0.0003,0.0061,0.9936,0.9936,1
HDFCBANK,Banking,2020,122189.29,27253.95,1580830.43,1333041.45,62997.42,100332.28,62137.42,15.45370228666336,7.558693585363604,22.304696262659355,1.7240274151352213,1.6146837123266464,0.881942907397662,0.0772943686313022,16.19287768420039,0.6039143657947414,Distress,4.258333333333334,6.645833333333333,-10.4,2020,Distress,0.0007,0.004,0.9953,0.9953,1
HDFCBANK,Banking,2021,128552.4,31833.21,1799506.63,1511417.62,86648.17,102043.74,59247.59,15.172385820363912,7.203738255217169,24.76282823191166,1.7689965387901907,1.7223272710333026,1.1069170298023103,0.071437580643979,5.207584068947457,0.580944356175658,Distress,4.0,5.14,5.0,2021,Distress,0.0008,0.0053,0.9939,0.9939,1
HDFCBANK,Banking,2022,135936.41,38052.75,2122934.3,1784969.53,118791.2,109457.71,58584.33,15.385654498268424,7.2170669606050994,27.99305204543801,1.79246008696548,1.8683786261616373,1.310602767474343,0.0640323207364448,5.7439689963003415,0.5588634871259655,Distress,5.033333333333334,6.696666666666666,5.800000000000001,2022,Distress,0.0008,0.0051,0.9941,0.9941,1
HDFCBANK,Banking,2023,170754.05,45997.11,2530432.44,2139211.91,103917.93,139278.33000000002,77779.94,15.89189721442453,7.39092864608076,26.937639253651675,1.817756889016172,1.7906716050436655,1.020975009291824,0.0674801853235805,25.61318192822657,0.5401427604549754,Distress,6.479166666666667,5.648333333333333,6.949999999999999,2023,Distress,0.0007,0.0049,0.9945,0.9945,1
HDFCBANK,Banking,2024,283649.02,64062.04,4030194.26,3107502.74,165658.59,230707.15,154138.55,14.03652645377006,6.808797287000687,22.58496785922264,1.5895521621828723,1.4967517859743718,0.3552646689625031,0.0703809796007203,66.11554455077349,0.4563385408135545,Distress,6.479166666666667,4.940833333333333,6.8,2024,Distress,0.0015,0.0112,0.9873,0.9873,1
HDFCBANK,Banking,2025,336367.43,70792.25,4392109.83,3345503.8,132227.37,280136.25,183894.2,13.567207642915086,6.411597982090054,21.04610722863388,1.6118050945916351,1.5233555490058956,0.2519496523585837,0.0765844760307371,18.585789578966285,0.4819113961555896,Distress,5.875,3.293333333333333,6.5,2025,Distress,0.0013,0.005,0.9937,0.9937,1
HDFCBANK,Banking,2026,348615.15,76025.97,4908040.84,3688122.84,200707.11,287632.68,185491.23,13.073790645513895,6.342273026585277,21.80799371455888,1.5490085041753647,1.5506537964085956,0.3143890438970554,0.0710293906193331,3.641172987527375,,Grey,,,,2026,Grey,0.0002,0.9717,0.0281,0.9717,1
HINDUNILVR,FMCG,2017,33162.0,4476.0,15706.0,277.0,1828.0,6502.0,35.0,66.37010676156584,0.041073546856465,13.497376515288584,28.49866293136381,185.77142857142857,0.2104778353483016,2.111422386349166,,50.0,Safe,6.125,3.3341666666666665,5.9,2017,Safe,0.9814,0.0172,0.0014,0.9814,1
HINDUNILVR,FMCG,2018,35545.0,5214.0,17862.0,,3485.0,7332.0,26.0,71.61104243922539,,14.668729779153184,29.190460194827004,282.0,0.3293639542576316,1.989978725786586,7.185935709547064,,Grey,6.270833333333333,3.9625,7.399999999999999,2018,Grey,0.1114,0.881,0.0075,0.881,1
HINDUNILVR,FMCG,2019,39310.0,6054.0,18629.0,99.0,3757.0,8637.0,33.0,76.95436634040931,0.0125842125333672,15.40066140931061,32.49771861076815,261.72727272727275,0.3523398668292225,2.1101508400880347,10.59220706147137,50.0,Safe,5.729166666666667,3.7066666666666666,5.1000000000000005,2019,Safe,0.9864,0.0129,0.0007,0.9864,1
HINDUNILVR,FMCG,2020,39783.0,6748.0,20153.0,,5113.0,9283.0,118.0,82.00267347186778,,16.962018952819044,33.48384855852727,78.66949152542372,0.4287990607178799,1.974048528755024,1.2032561689137689,,Grey,4.258333333333334,6.645833333333333,-10.4,2020,Grey,0.1062,0.8916,0.0022,0.8916,1
HINDUNILVR,FMCG,2021,47028.0,7995.0,68740.0,,4471.0,10722.0,117.0,16.770147250073414,,17.000510334268945,11.630782659295898,91.64102564102564,0.2122377290420583,0.6841431480942682,18.211296282331645,,Grey,4.0,5.14,5.0,2021,Safe,0.9441,0.0543,0.0016,0.9441,0
HINDUNILVR,FMCG,2022,52446.0,8879.0,70506.0,1043.0,3846.0,11985.0,106.0,18.097878151688715,0.0212592486904058,16.92979445524921,12.593254474796472,113.06603773584904,0.1885109303009509,0.7438515870989703,11.520796121459554,50.0,Safe,5.033333333333334,6.696666666666666,5.800000000000001,2022,Safe,0.9969,0.0029,0.0002,0.9969,1
HINDUNILVR,FMCG,2023,60580.0,10120.0,73077.0,1219.0,4678.0,13458.0,114.0,20.1176844783715,0.024232665394402,16.70518322878838,13.848406475361603,118.05263157894736,0.2170362809687297,0.8289886010646305,15.509285741524614,50.0,Safe,6.479166666666667,5.648333333333333,6.949999999999999,2023,Safe,0.995,0.0049,0.0001,0.995,1
HINDUNILVR,FMCG,2024,61896.0,10277.0,78489.0,1484.0,7559.0,14260.0,334.0,20.065211449099927,0.0289741887617634,16.603657748481325,13.093554510823171,42.69461077844311,0.2931321983945399,0.7885945801322478,2.172334103664575,50.0,Safe,6.479166666666667,4.940833333333333,6.8,2024,Safe,0.9935,0.0063,0.0002,0.9935,1
HINDUNILVR,FMCG,2025,63121.0,10649.0,79863.0,1648.0,7554.0,14810.0,395.0,21.555807457187967,0.0333589733209181,16.87077200931544,13.334084619911598,37.49367088607595,0.2621733245410058,0.790366001778045,1.9791262763344972,50.0,Safe,5.875,3.293333333333333,6.5,2025,Safe,0.9974,0.0024,0.0002,0.9974,1
HINDUNILVR,FMCG,2026,64468.0,15040.0,79752.0,1478.0,3248.0,18629.0,410.0,30.858244937319192,0.0303247912349453,23.32940373518645,18.858461229812416,45.43658536585366,0.1099712205857457,0.8083559033002307,2.133996609686162,,Grey,,,,2026,Grey,0.0129,0.987,0.0001,0.987,1
ICICIBANK,Banking,2017,60939.98,10188.38,985724.65,700874.02,24508.71,48645.18,34835.83,9.73734612737977,6.698467199327166,16.71871241178615,1.0335929004108804,1.3964122571501811,0.1359943197881373,0.0618225180835236,,0.332465044789923,Distress,6.125,3.3341666666666665,5.9,2017,Distress,0.0002,0.0031,0.9967,0.9967,1
ICICIBANK,Banking,2018,62162.35,7712.19,1124281.05,815197.94,25060.72,45240.52,34262.05,6.971175009965679,7.368707860547393,12.40652903244488,0.6859663782467915,1.3204265360654135,0.1262801178372294,0.0552907567018051,2.0058588795073278,0.3035736381905127,Distress,6.270833333333333,3.9625,7.399999999999999,2018,Distress,0.0001,0.0022,0.9978,0.9978,1
ICICIBANK,Banking,2019,71981.65,4254.24,1238793.89,891641.06,29154.9,46585.8,39177.54,3.723512497351282,7.804065191577214,5.910172939908991,0.3434179030379299,1.189094567959091,0.1251823641295457,0.0581062358969174,15.796217485342812,0.3386084767189625,Distress,5.729166666666667,3.7066666666666666,5.1000000000000005,2019,Distress,0.0002,0.0029,0.997,0.997,1
ICICIBANK,Banking,2020,84835.77,9566.31,1377292.23,1014636.24,25342.11,63254.13,44665.52,7.78001409563398,8.251754594134063,11.276269432103932,0.6945737289173555,1.4161735943071971,0.1057260755324464,0.0615960564883169,17.85749562562127,0.3481479833577977,Distress,4.258333333333334,6.645833333333333,-10.4,2020,Distress,0.0003,0.0015,0.9982,0.9982,1
ICICIBANK,Banking,2021,89162.66,18384.32,1573812.25,1103839.96,39160.51,68687.43,42659.09,11.666102958673752,7.004616229079083,20.618855471561748,1.1681393380944898,1.6101475676110295,0.1253598486661274,0.056653936961032,5.100313228724152,0.4012124781736929,Distress,4.0,5.14,5.0,2021,Distress,0.0006,0.005,0.9944,0.9944,1
ICICIBANK,Banking,2022,95406.87,25110.1,1752637.38,1252968.47,102403.23,75407.94,41166.67,13.79278031297457,6.882457196822741,26.318964242302467,1.4327036662883454,1.8317716735407552,0.3224116372824805,0.0544361720734268,7.003167020813406,0.4826612055269343,Distress,5.033333333333334,6.696666666666666,5.800000000000001,2022,Distress,0.0006,0.0051,0.9943,0.9943,1
ICICIBANK,Banking,2023,121066.81,34036.64,1958490.5,1399893.96,59967.64,96799.86,50543.39,15.868060925009996,6.526379409316991,28.113931473043685,1.737901715632524,1.91518337016967,0.1742745069547622,0.0618163886932308,26.895274941940773,0.4966320675339831,Distress,6.479166666666667,5.648333333333333,6.949999999999999,2023,Distress,0.0007,0.0064,0.993,0.993,1
ICICIBANK,Banking,2024,159515.93,44256.37,2364063.02,1651007.95,80987.18,134542.53,74108.16,17.277936490684297,6.445628167360964,27.74416950081412,1.872046964297932,1.815488739701539,0.177249265683402,0.0674753289783281,31.758596761573223,0.5399090361240761,Distress,6.479166666666667,4.940833333333333,6.8,2024,Distress,0.0015,0.0165,0.982,0.982,1
ICICIBANK,Banking,2025,186331.46,51029.2,2642241.41,1860520.85,113747.23,161881.19,89027.65,16.256208747391852,5.927001661102845,27.38625028752525,1.931284545267951,1.8183248687346008,0.2431459339719267,0.0705202254778075,16.810565565457946,0.5859085347094402,Distress,5.875,3.293333333333333,6.5,2025,Distress,0.0011,0.0066,0.9922,0.9922,1
ICICIBANK,Banking,2026,195218.46,54207.7,2914497.97,2050284.4,121237.19,166085.91,89028.58,15.041886257648004,5.689255353138038,27.767712131322007,1.8599326730702783,1.865534752997296,0.2406286475838539,0.0669818479921603,4.769457610647176,,Grey,,,,2026,Grey,0.0001,0.9802,0.0197,0.9802,1
IDFCFIRSTB,Banking,2017,8532.71,1019.74,112159.66,90470.41,2958.58,7986.35,6515.39,6.947380612547306,6.16365321006537,11.950951104631471,0.9091860656496284,1.2257669916919784,0.4219791191236878,0.0760764610021107,,0.5278879040739182,Distress,6.125,3.3341666666666665,5.9,2017,Distress,0.0027,0.0068,0.9905,0.9905,1
IDFCFIRSTB,Banking,2018,8930.0,859.3,126520.18,105485.27,2948.18,8159.219999999999,7131.91,5.632342347834009,6.914106287602752,9.622620380739082,0.6791801908596715,1.144044162082808,0.5102087436271066,0.0705816257928182,4.656082299761755,0.4713707825326362,Distress,6.270833333333333,3.9625,7.399999999999999,2018,Distress,0.0011,0.015,0.9838,0.9838,1
IDFCFIRSTB,Banking,2019,11948.17,-1944.18,167184.86,140462.4,3917.75,5453.889999999999,8749.08,-10.706267377488192,7.735024590746214,-16.271780532081483,-1.1628923815230638,0.623367256900154,0.4575105772498333,0.0714668182274399,33.79809630459128,0.34971355611922,Distress,5.729166666666667,3.7066666666666666,5.1000000000000005,2019,Distress,0.0002,0.0014,0.9984,0.9984,1
IDFCFIRSTB,Banking,2020,16307.56,-2864.21,149200.4,122505.16,2876.52,7853.48,10232.0,-18.66834825909559,7.984641455815833,-17.563694384690294,-1.919706649580028,0.7675410476935105,0.2533789497420864,0.1092997069712949,36.485838417096495,0.4006605401154954,Distress,4.258333333333334,6.645833333333333,-10.4,2020,Distress,0.0007,0.0008,0.9984,0.9984,1
IDFCFIRSTB,Banking,2021,15967.86,452.28,163143.88,134474.51,4168.32,9063.38,8587.6,2.5397716743692405,7.551396290410436,2.8324396631733992,0.2772276839315087,1.0554031394103127,0.3837712574817221,0.0978759362594539,-2.08308293822006,0.4581234751598577,Distress,4.0,5.14,5.0,2021,Distress,0.0005,0.0005,0.999,0.999,1
IDFCFIRSTB,Banking,2022,17172.68,145.49,190181.6,158596.96,10671.99,7641.69,7466.52,0.6926947343963953,7.550984884409631,0.8472177901177917,0.0765005657750276,1.023460728692885,1.008584124991967,0.0902962221371573,7.545281584382635,0.4701768461168352,Distress,5.033333333333334,6.696666666666666,5.800000000000001,2022,Distress,0.0008,0.0008,0.9983,0.9983,1
IDFCFIRSTB,Banking,2023,22727.54,2437.13,239941.65,201849.4,9908.41,13359.35,10092.21,9.475194742383314,7.847600963564629,10.72324589462828,1.0157177797185275,1.323728895851355,0.8009326583187092,0.0947211124037865,32.34707686860758,0.5519195675357206,Distress,6.479166666666667,5.648333333333333,6.949999999999999,2023,Distress,0.0014,0.008,0.9906,0.9906,1
IDFCFIRSTB,Banking,2024,30322.5,2956.51,296115.1,251511.88,10059.05,17727.07,13871.75,9.19275651170817,7.820326914645863,9.75021848462363,0.9984327040397468,1.2779260006848452,0.8084805239062781,0.1024010595879778,33.41743101101131,0.5150665132562338,Distress,6.479166666666667,4.940833333333333,6.8,2024,Distress,0.0008,0.017,0.9822,0.9822,1
IDFCFIRSTB,Banking,2025,36501.49,1524.85,343818.65,291040.09,13261.29,19109.64,17209.52,4.004543305845895,7.643260938074479,4.177500699286522,0.4435041554610257,1.1104109818286625,0.902094205935012,0.1061649506214976,20.37757440844257,0.5390215563922922,Distress,5.875,3.293333333333333,6.5,2025,Distress,0.0024,0.01,0.9876,0.9876,1
IDFCFIRSTB,Banking,2026,40548.82,1636.36,399780.09,331095.23,11337.13,21166.36,19333.55,3.4768847591905225,7.035004271845319,4.035530503723659,0.4093150311712621,1.094799454833696,0.5243600055316872,0.1014278124756037,11.088122704032076,,Grey,,,,2026,Grey,0.0002,0.9697,0.03,0.9697,1
INDUSINDBK,Banking,2017,14405.67,2868.17,178649.9,149025.91,6613.23,12702.75,8343.07,13.891057556326158,7.217589937813595,19.910007656707396,1.605469692398373,1.5225510513516007,0.7367360375384759,0.0806363171767798,,0.8350248963606348,Distress,6.125,3.3341666666666665,5.9,2017,Distress,0.0002,0.0019,0.9979,0.9979,1
INDUSINDBK,Banking,2018,17280.75,3606.12,221627.78,189928.25,9893.2,15263.98,9783.3,15.124274113523064,7.965699740723373,20.86784427759212,1.6271064935993131,1.5602077008780268,1.259274439396813,0.0779719491843486,19.95797488072404,0.7544152422088596,Distress,6.270833333333333,3.9625,7.399999999999999,2018,Distress,0.0001,0.0046,0.9954,0.9954,1
INDUSINDBK,Banking,2019,22261.15,3300.75,277820.7,242189.03,8996.7,18394.93,13414.97,12.368265744878173,9.075083794695969,14.827401100122858,1.1880864168868626,1.3712240877169313,1.0058449849179714,0.080127758658732,28.82050836913908,0.6480225933316618,Distress,5.729166666666667,3.7066666666666666,5.1000000000000005,2019,Distress,0.0001,0.002,0.9979,0.9979,1
INDUSINDBK,Banking,2020,28782.83,4458.18,307228.6,262780.54,12274.22,22900.82,16724.09,12.830022306300531,7.562458648734906,15.489025922746306,1.451095373282305,1.369331305918588,1.2653795916095103,0.0936853860610633,29.29624031103515,0.6417620302470323,Distress,4.258333333333334,6.645833333333333,-10.4,2020,Distress,0.0002,0.0029,0.9969,0.9969,1
INDUSINDBK,Banking,2021,28999.8,2930.1,362903.3,307192.91,16522.39,19401.32,15471.9,6.735761419656948,7.0618004558552565,10.103862785260588,0.8074051682638324,1.2539713933001118,1.3532139095508997,0.0799105436627333,0.7538174668717312,0.5656213859301026,Distress,4.0,5.14,5.0,2021,Distress,0.0003,0.0017,0.998,0.998,1
INDUSINDBK,Banking,2022,30822.44,4805.04,401967.38,340672.69,14371.48,22254.42,15821.6,10.005001417970709,7.093449266840431,15.589421213894813,1.1953805803844082,1.406584669060019,1.0831432186917551,0.0766789583771698,6.2850088621300815,0.5900947860671084,Distress,5.033333333333334,6.696666666666666,5.800000000000001,2022,Distress,0.0003,0.0024,0.9973,0.9973,1
INDUSINDBK,Banking,2023,36367.92,7443.5,457836.63,385131.42,41735.52,28707.99,18775.8,13.532499633667136,7.001801303235983,20.467213962195256,1.6257982678231753,1.5289889112581088,2.3578603877045903,0.0794342733127316,17.991696958449754,0.7063303517414173,Distress,6.479166666666667,5.648333333333333,6.949999999999999,2023,Distress,0.0003,0.0033,0.9964,0.9964,1
INDUSINDBK,Banking,2024,45748.21,8977.29,515093.97,432197.08,17333.67,37111.490000000005,25132.29,14.20287158642549,6.8377423780094695,19.62325957671349,1.7428450967888445,1.4766457811842857,0.8803589966540235,0.0888152699593823,25.79275911297649,0.5945102772897973,Distress,6.479166666666667,4.940833333333333,6.8,2024,Distress,0.0005,0.0058,0.9937,0.9937,1
INDUSINDBK,Banking,2025,48667.66,2575.55,554107.12,464565.82,49710.83,33162.11,29636.35,3.9724269106146495,7.165280290111864,5.292118010194039,0.4648108474043791,1.1189674167027992,2.012126390675482,0.0878307790017208,6.381561158349158,0.5882790339649625,Distress,5.875,3.293333333333333,6.5,2025,Distress,0.0004,0.0012,0.9984,0.9984,1
INDUSINDBK,Banking,2026,46250.81,889.34,543393.92,442719.95,29945.63,29478.95,28268.49,1.3559397491570928,6.749967143610325,1.922863621199283,0.1636639585514685,1.0428201152590746,0.8535041958916944,0.085114699111834,-4.966028775577058,,Grey,,,,2026,Grey,0.0006,0.5268,0.4726,0.5268,1
INFY,IT,2017,68484.0,14353.0,83148.0,,22625.0,,,20.80687715635963,,20.95818001284972,17.26199066724395,,1.59713398277566,0.8236397748592871,,,Grey,6.125,3.3341666666666665,5.9,2017,Grey,0.0656,0.9321,0.0023,0.9321,1
INFY,IT,2018,70522.0,16029.0,79349.0,,19818.0,,,24.689247262141308,,22.729077451008195,20.200632648174523,,1.3737695826979066,0.888757262221326,2.9758775772443125,,Grey,6.270833333333333,3.9625,7.399999999999999,2018,Grey,0.0707,0.9259,0.0034,0.9259,1
INFY,IT,2019,82675.0,15404.0,84066.0,,19568.0,,,23.71743548685102,,18.63199274266707,18.323698046772773,,1.023538026990271,0.9834534770299528,17.232920223476356,,Grey,5.729166666666667,3.7066666666666666,5.1000000000000005,2019,Grey,0.1804,0.8167,0.0029,0.8167,1
INFY,IT,2020,90791.0,16594.0,91800.0,4633.0,18649.0,22177.0,170.0,25.353705118411003,0.0707868601986249,18.2771420074677,18.076252723311548,130.45294117647057,0.8587281852926278,0.98900871459695,9.816752343513755,50.0,Safe,4.258333333333334,6.645833333333333,-10.4,2020,Safe,0.9915,0.0081,0.0004,0.9915,1
INFY,IT,2021,100472.0,19351.0,107511.0,5325.0,24714.0,26823.0,195.0,25.34478919726002,0.0697436837762439,19.26009236404172,17.999088465366334,137.55384615384617,0.9566092510160636,0.9345276297309112,10.662951173574475,50.0,Safe,4.0,5.14,5.0,2021,Safe,0.9913,0.0083,0.0004,0.9913,1
INFY,IT,2022,121641.0,22110.0,116729.0,5474.0,17472.0,30310.0,200.0,29.34306569343066,0.0726476443264764,18.176437221002782,18.94130850088667,151.55,0.4866174627489207,1.0420803742000702,21.069551715900943,50.0,Safe,5.033333333333334,6.696666666666666,5.800000000000001,2022,Safe,0.9929,0.0067,0.0004,0.9929,1
INFY,IT,2023,146767.0,24095.0,124596.0,8299.0,12173.0,33606.0,284.0,31.95326693808267,0.1100560955879427,16.417178248516358,19.33850203858872,118.33098591549296,0.2977011494252873,1.1779431121384314,20.65586438782976,46.05638531112229,Safe,6.479166666666667,5.648333333333333,6.949999999999999,2023,Safe,0.9956,0.0043,0.0001,0.9956,1
INFY,IT,2024,153670.0,26233.0,137360.0,8359.0,14786.0,36458.0,470.0,29.7709837033002,0.0948635889055336,17.070996290752912,19.097990681421084,77.57021276595745,0.3616485263544087,1.118739079790332,4.7033733741236095,50.0,Safe,6.479166666666667,4.940833333333333,6.8,2024,Safe,0.9952,0.0047,0.0001,0.9952,1
INFY,IT,2025,162990.0,26713.0,147795.0,8227.0,24455.0,38024.0,416.0,27.87889540587363,0.0858606942328163,16.389349039818395,18.074359755066137,91.40384615384616,0.5589714285714286,1.1028113264995434,6.064944361293678,50.0,Safe,5.875,3.293333333333333,6.5,2025,Safe,0.9944,0.0054,0.0003,0.9944,1
INFY,IT,2026,178650.0,29440.0,154288.0,9176.0,22201.0,40411.0,416.0,31.706371429802267,0.0988239348640847,16.47914917436328,19.081198797054856,97.14182692307692,0.4248182166092614,1.1578995125998133,9.607951408061854,33.88555012898155,Safe,,,,2026,Grey,0.028,0.9719,0.0001,0.9719,0
IOC,Energy,2017,355379.0,19849.49,273718.67,63270.62,409.75,31698.89,3743.09,19.44196693115604,0.6197163260888516,5.585442583833035,7.251785199745418,8.468642218060479,0.0037816578289546,1.2983367192307342,,2.0384430911578195,Grey,6.125,3.3341666666666665,5.9,2017,Grey,0.0066,0.9733,0.0201,0.9733,1
IOC,Energy,2018,421491.82,22189.45,295859.96,65650.26,496.31,38325.45,3875.23,19.48599774733121,0.5765175876246181,5.264503116572938,7.499984114105876,9.889851699124955,0.0042661816801488,1.4246328567069366,18.60346840978224,2.380684761248135,Grey,6.270833333333333,3.9625,7.399999999999999,2018,Grey,0.0027,0.9919,0.0054,0.9919,1
IOC,Energy,2019,528157.5,17376.7,335362.51,96765.04,1060.97,30852.31,4925.41,15.450179978098902,0.8603689328744464,3.290060256646928,5.181467660174658,6.2639069640903,0.0084118361131366,1.5748853382568015,25.306702274791483,2.1714046013495705,Grey,5.729166666666667,3.7066666666666666,5.1000000000000005,2019,Grey,0.0021,0.9788,0.0191,0.9788,1
IOC,Energy,2020,483763.03,-893.14,329961.71,129790.33,2295.98,-1385.0500000000002,5791.96,-0.936225961344436,1.3605154452545134,-0.1846234508660159,-0.2706798919183683,-0.2391332122459409,0.0219137535484889,1.4661186899534495,-8.405536227356414,1.6206445723665055,Distress,4.258333333333334,6.645833333333333,-10.4,2020,Distress,0.0029,0.0236,0.9734,0.9734,1
IOC,Energy,2021,363949.67,21638.21,355145.09,116649.06,2474.68,33683.49,2932.76,19.347806940482243,1.0430176491811152,5.945385250658422,6.0927802774916575,11.485252799410793,0.0195382872835963,1.024791501411437,-24.76695253045691,1.602351278860565,Distress,4.0,5.14,5.0,2021,Distress,0.0055,0.0723,0.9222,0.9222,1
IOC,Energy,2022,589321.2,25102.23,410881.96,132019.59,1820.14,39742.69,5454.07,18.798214822490973,0.98865025680873,4.259515863335648,6.109353158264724,7.286794998964077,0.0125244284982046,1.4342834618487508,61.92381765313868,2.0298852978806354,Grey,5.033333333333334,6.696666666666666,5.800000000000001,2022,Grey,0.0092,0.8833,0.1076,0.8833,1
IOC,Energy,2023,841755.91,9792.12,441995.35,148977.08,2096.64,22625.54,7587.85,7.0083761665453785,1.0662526774932537,1.1632968516965922,2.2154350718848064,2.981811712145074,0.0136768880852545,1.9044451711991996,42.83482589799927,2.726644482191782,Grey,6.479166666666667,5.648333333333333,6.949999999999999,2023,Grey,0.0033,0.9673,0.0294,0.9673,1
IOC,Energy,2024,776351.85,41729.69,482682.9,132627.56,3157.05,65168.42,7880.63,22.75135679075799,0.7230959390898093,5.375100220344681,8.645363239509832,8.269442925248361,0.018945436985456,1.608409682630149,-7.7699555444760815,2.9568941824213786,Grey,6.479166666666667,4.940833333333333,6.8,2024,Grey,0.0051,0.9838,0.011,0.9838,1
IOC,Energy,2025,758105.81,13597.84,507221.53,152270.56,3304.94,26377.96,9314.51,7.291562772203493,0.8165196432658263,1.7936599114047151,2.680848346480876,2.831921378580301,0.0196181193984577,1.4946246662676168,-2.350228185841241,2.666932056481434,Grey,5.875,3.293333333333333,6.5,2025,Grey,0.004,0.965,0.0311,0.965,1
IOC,Energy,2026,784415.43,42096.26,528954.96,131822.39,4414.66,65779.96,8307.88,19.176717305746173,0.6005095720137184,5.366577248486813,7.958382694813941,7.917779264986978,0.0248552177625518,1.4829531610782138,3.470441678846914,,Grey,,,,2026,Grey,0.0001,0.9994,0.0005,0.9994,1
IPCA,Pharma,2016,2867.11,93.14,3891.71,867.18,175.54,151.2,34.56,4.12271654885158,0.3838455375599219,3.2485673727202653,2.3932924087354914,4.374999999999999,0.2293621135704392,0.7367224176518805,,,Grey,6.5,4.940833333333333,8.1,2016,Grey,0.0455,0.9478,0.0067,0.9478,1
IPCA,Pharma,2017,3156.19,194.54,3959.51,715.75,35.85,288.97,26.91,7.92339711476585,0.2915169880175623,6.163760736837769,4.913234213324375,10.738387216648087,0.0454660748256182,0.7971163098464203,10.082626756559732,,Grey,6.125,3.3341666666666665,5.9,2017,Grey,0.0686,0.9265,0.0049,0.9265,1
IPCA,Pharma,2018,3257.76,239.42,4115.56,627.56,150.57,318.1,27.57,8.905105688153926,0.2334177648340939,7.34922155100437,5.817434322425137,11.53790351831701,0.1883466970216279,0.79157149938283,3.2181205820942305,,Grey,6.270833333333333,3.9625,7.399999999999999,2018,Grey,0.0418,0.9517,0.0065,0.9517,1
IPCA,Pharma,2019,3745.69,444.83,4548.83,464.95,282.3,568.7,22.24,14.246458642258014,0.1489083682691784,11.875782566095966,9.77899811599906,25.57104316546763,0.2936067977826082,0.8234403132234003,14.977469181277936,,Grey,5.729166666666667,3.7066666666666666,5.1000000000000005,2019,Grey,0.0376,0.9608,0.0016,0.9608,1
IPCA,Pharma,2020,4619.03,606.32,5257.82,500.72,180.92,758.66,19.77,16.714633850496767,0.138035220042564,13.126565534322143,11.53177552673922,38.37430450177036,0.1601600538234096,0.8785066814763534,23.31586436677888,,Grey,4.258333333333334,6.645833333333333,-10.4,2020,Grey,0.0282,0.9705,0.0013,0.9705,1
IPCA,Pharma,2021,5394.94,1140.01,6066.41,265.39,365.07,1401.25,12.27,24.24701966330969,0.0564461412482851,21.131096916740503,18.79216867966392,114.20130399348004,0.3320720048755196,0.8893134489755885,16.798115621678143,,Grey,4.0,5.14,5.0,2021,Grey,0.0762,0.9222,0.0016,0.9222,1
IPCA,Pharma,2022,5796.74,884.08,7621.51,807.22,640.66,1146.92,11.2,16.177600808074892,0.1477115523967765,15.251330920482896,11.599801089285457,102.40357142857144,0.4747563822297972,0.7605763162417946,7.447719529781605,,Grey,5.033333333333334,6.696666666666666,5.800000000000001,2022,Grey,0.0532,0.9453,0.0016,0.9453,1
IPCA,Pharma,2023,6204.26,471.32,8622.86,1481.27,1853.24,793.48,48.19,8.067757385287965,0.2535544212447064,7.596715804946923,5.465935895978828,16.46565677526458,1.426040921227791,0.7195130154032421,7.030158330371905,,Grey,6.479166666666667,5.648333333333333,6.949999999999999,2023,Grey,0.0536,0.9438,0.0026,0.9438,1
IPCA,Pharma,2024,7662.43,547.35,11097.05,1438.36,296.84,983.42,140.75,8.643928877686866,0.2271504803235531,7.143295273170522,4.932391942002605,6.9869982238010655,0.0892349316098,0.6904925182818858,23.502722323049,,Grey,6.479166666666667,4.940833333333333,6.8,2024,Grey,0.0668,0.9308,0.0024,0.9308,1
IPCA,Pharma,2025,8896.81,737.68,11743.63,1362.74,344.23,1218.98,87.84,10.616468421014758,0.1961214371550489,8.291511227057788,6.281533052386698,13.877276867030965,0.1002872592091922,0.7575860274889451,16.109510951486648,,Grey,5.875,3.293333333333333,6.5,2025,Safe,0.8811,0.1163,0.0026,0.8811,0
ITC,FMCG,2017,42767.6,10289.44,55898.32,45.72,2967.4,16075.35,49.03,22.16933944915781,0.0009850703241532,24.05896052151629,18.407422620214707,327.8676320620029,0.314354209416219,0.7650963392101945,,50.0,Safe,6.125,3.3341666666666665,5.9,2017,Safe,0.9981,0.0016,0.0003,0.9981,1
ITC,FMCG,2018,43448.94,11271.2,64240.88,35.92,2899.6,17524.12,115.01,21.46481887011854,0.0006840587460205,25.94125426304992,17.545214200054545,152.37040257368923,0.2479381950174649,0.6763440974033981,1.5931218960147486,50.0,Safe,6.270833333333333,3.9625,7.399999999999999,2018,Safe,0.9953,0.0042,0.0005,0.9953,1
ITC,FMCG,2019,48339.58,12592.33,71739.04,13.44,4152.03,19221.22,71.4,21.29209462086033,0.0002272540123268,26.049729848707827,17.552966975861402,269.2047619047619,0.3299260294022994,0.6738252979131029,11.256062863674,50.0,Safe,5.729166666666667,3.7066666666666666,5.1000000000000005,2019,Safe,0.9985,0.0014,0.0002,0.9985,1
ITC,FMCG,2020,49387.7,15306.23,77310.75,277.45,7277.34,20115.95,81.38,23.449464604648213,0.0042505920494855,30.991987883622844,19.798320414690064,247.1854263946916,0.6188193237437968,0.638820603861688,2.1682439110972678,50.0,Safe,4.258333333333334,6.645833333333333,-10.4,2020,Safe,0.9939,0.0058,0.0003,0.9939,1
ITC,FMCG,2021,49257.45,13161.19,73760.76,270.83,4659.02,17996.14,57.97,21.809063995198468,0.0044878531514396,26.71918664080256,17.84307808108268,310.4388476798344,0.3544978577281951,0.6678001962018829,-0.2637296330867844,50.0,Safe,4.0,5.14,5.0,2021,Safe,0.9965,0.0032,0.0003,0.9965,1
ITC,FMCG,2022,60644.54,15242.66,77196.02,249.44,4654.42,20800.460000000003,59.99,24.405605456807137,0.0039938791688235,25.134430898478243,19.745396200477693,346.7321220203368,0.3211936228047596,0.7855915369730201,23.117497962237188,50.0,Safe,5.033333333333334,6.696666666666666,5.800000000000001,2022,Safe,0.9964,0.0033,0.0003,0.9964,1
ITC,FMCG,2023,70919.03,19191.66,85830.96,306.04,4880.19,25992.89,77.77,27.75155497933201,0.0044254045173136,27.061368436652334,22.35983379423928,334.2277227722772,0.2981240905431145,0.8262639728135395,16.94215175842706,50.0,Safe,6.479166666666667,5.648333333333333,6.949999999999999,2023,Safe,0.9932,0.0065,0.0002,0.9932,1
ITC,FMCG,2024,67931.94,20458.78,91753.97,303.43,7217.68,26999.93,39.11,27.45886963641,0.0040725032547277,30.116584334261614,22.29743301570493,690.358731782153,0.4259841804014981,0.7403705801503739,-4.211972442375478,50.0,Safe,6.479166666666667,4.940833333333333,6.8,2024,Safe,0.9927,0.007,0.0003,0.9927,1
ITC,FMCG,2025,75323.34,34746.63,88002.7,284.54,4012.36,41988.01,45.06,49.61674309814144,0.0040631129065308,46.12996449706027,39.4835953896869,931.8244562805148,0.2268393853272056,0.8559207842486651,10.880596078957838,50.0,Safe,5.875,3.293333333333333,6.5,2025,Safe,0.9985,0.0013,0.0002,0.9985,1
ITC,FMCG,2026,78868.4,20689.47,93792.38,2399.06,3008.79,28118.56,85.17,28.534326888465024,0.0330871512247732,26.232901897337847,22.058796247626937,330.14629564400605,0.1593130791982641,0.8408828094563757,4.706456192728581,,Grey,,,,2026,Grey,0.0273,0.9725,0.0001,0.9725,1
KOTAKBANK,Banking,2017,22324.21,4940.43,276187.56,205229.91,6495.45,18789.45,11457.51,12.83471597609002,5.331656565619828,22.13036877900719,1.7887952665210556,1.6399243814755562,0.2000758356553254,0.0808298896590418,,0.4911261162912262,Distress,6.125,3.3341666666666665,5.9,2017,Distress,0.0001,0.0016,0.9982,0.9982,1
KOTAKBANK,Banking,2018,25131.08,6200.97,337720.47,249839.77,7703.52,21625.08,12466.85,12.282011074660373,4.9484755159766936,24.67450662685408,1.8361250059849796,1.7346065766412526,0.2060179496032222,0.074413848825924,12.573210877339005,0.5000424764663789,Distress,6.270833333333333,3.9625,7.399999999999999,2018,Distress,0.0,0.0011,0.9989,0.9989,1
KOTAKBANK,Banking,2019,29831.22,7204.13,395171.25,291763.2,9656.42,25762.33,15186.61,12.467818586475326,5.04939617665078,24.14963249910664,1.8230400111344127,1.696384512409287,0.2116417632393633,0.0754893479725562,18.70249905694463,0.5144053901969727,Distress,5.729166666666667,3.7066666666666666,5.1000000000000005,2019,Distress,0.0001,0.0021,0.9978,0.9978,1
KOTAKBANK,Banking,2020,33474.16,8593.36,443172.72,326476.93,7783.44,27322.48,15900.68,12.895780556714822,4.899334888925805,25.671622529138894,1.9390543713972288,1.7183214805907672,0.1554859485245351,0.0755329885828712,12.211837129021209,0.5117391461985419,Distress,4.258333333333334,6.645833333333333,-10.4,2020,Distress,0.0002,0.0008,0.999,0.999,1
KOTAKBANK,Banking,2021,32819.83,9990.2,478854.22,327110.31,11038.44,26134.89,12966.55,11.845345803066948,3.878535702687061,30.43952390978259,2.086271684104612,2.0155623508180667,0.1637621967412058,0.0685382494906278,-1.954731649726238,0.4811730272958255,Distress,4.0,5.14,5.0,2021,Distress,0.0003,0.0017,0.998,0.998,1
KOTAKBANK,Banking,2022,33740.62,12089.39,546497.9,365746.76,34285.16,27501.85,11553.54,12.506437157309952,3.783639099598677,35.83037300440834,2.2121567164302003,2.3803829821855462,0.4077401891877106,0.061739706593566,2.805590400681534,0.48216635035444,Distress,5.033333333333334,6.696666666666666,5.800000000000001,2022,Distress,0.0002,0.0014,0.9983,0.9983,1
KOTAKBANK,Banking,2023,42151.06,14925.01,620429.74,418806.54,18083.19,34057.31,14411.13,13.348021363974588,3.7455510202621487,35.40838593382942,2.405592291562297,2.363264365806151,0.201352094672237,0.0679384905049844,24.92675001229969,0.4687912692798329,Distress,6.479166666666667,5.648333333333333,6.949999999999999,2023,Distress,0.0003,0.0029,0.9968,0.9968,1
KOTAKBANK,Banking,2024,56236.63,18213.21,767666.95,520374.37,34261.01,46430.62,22567.24,14.013213185117465,4.003751663150645,32.38673796776229,2.372540591984584,2.0574345821642344,0.2920282142421525,0.0732565469960638,33.41688204282407,0.4600122585425473,Distress,6.479166666666667,4.940833333333333,6.8,2024,Distress,0.0009,0.0112,0.9878,0.9878,1
KOTAKBANK,Banking,2025,65668.83,22125.99,879774.34,592329.51,40005.87,57263.58,28274.55,14.049197612409984,3.761076606132416,33.693291017976115,2.5149619617230483,2.0252693676822444,0.3078428858867668,0.0746428112463475,16.772342154926424,0.5044388378747164,Distress,5.875,3.293333333333333,6.5,2025,Distress,0.0006,0.0033,0.9961,0.9961,1
KOTAKBANK,Banking,2026,69781.21,19287.89,1003352.79,662333.86,51281.74,55612.7,29619.98,10.649658845111675,3.6570250299882257,27.64052099411861,1.9223437849811529,1.8775400928697448,0.3206989248320483,0.0695480300602941,6.262301307941698,,Grey,,,,2026,Grey,0.0001,0.9747,0.0252,0.9747,1
KPITTECH,IT,2018,,-0.27,0.09,,0.1,,,158.8235294117647,,,-300.00000000000006,,0.3846153846153846,,,,Grey,6.270833333333333,3.9625,7.399999999999999,2018,Grey,0.0209,0.9213,0.0577,0.9213,1
KPITTECH,IT,2019,641.26,54.19,1674.09,132.33,220.66,74.14,6.94,5.647380049189212,0.1379069573554546,8.45055047874497,3.2369824800339284,10.68299711815562,0.3790106492614221,0.3830498957642659,,11.795017145033192,Safe,5.729166666666667,3.7066666666666666,5.1000000000000005,2019,Safe,0.9857,0.006,0.0083,0.9857,1
KPITTECH,IT,2020,2156.17,147.58,1637.22,203.68,381.04,200.43,19.82,14.067161689431996,0.194145513816473,6.844543797566982,9.014060419491578,10.112512613521696,0.9911817496033088,1.316970230024065,236.2395908056015,13.33674908990323,Safe,4.258333333333334,6.645833333333333,-10.4,2020,Safe,0.9968,0.0018,0.0014,0.9968,1
KPITTECH,IT,2021,2035.74,146.14,1967.53,229.98,700.8,194.88,17.25,12.109310264823838,0.1905637864174207,7.1787163390216815,7.427586872881226,11.297391304347826,1.3204951856946354,1.0346678322566871,-5.585366645487144,44.20316558296653,Safe,4.0,5.14,5.0,2021,Safe,0.9971,0.0014,0.0015,0.9971,1
KPITTECH,IT,2022,2432.39,274.23,2336.14,227.23,892.8,363.95,19.4,20.940461372817037,0.1735149705628565,11.274096670353028,11.738594433552784,18.760309278350515,1.1169214602046686,1.041200441754347,19.484315285842,50.0,Safe,5.033333333333334,6.696666666666666,5.800000000000001,2022,Safe,0.9976,0.0014,0.0009,0.9976,1
KPITTECH,IT,2023,3365.04,381.0,3340.56,286.53,549.13,529.1,32.31,23.069377671748796,0.173492619010136,11.322302260894372,11.405273367339609,16.375735066542866,0.3915393336137869,1.007328112651771,38.34294664918043,50.0,Safe,6.479166666666667,5.648333333333333,6.949999999999999,2023,Safe,0.9912,0.0079,0.0009,0.9912,1
KPITTECH,IT,2024,4871.54,594.53,4098.32,328.76,770.53,855.2700000000001,54.83,27.70590812075345,0.1532066397621466,12.204148996005369,14.50667590622499,15.598577421119828,0.474551949251709,1.1886675515821117,44.76915579012435,50.0,Safe,6.479166666666667,4.940833333333333,6.8,2024,Safe,0.9888,0.0105,0.0008,0.9888,1
KPITTECH,IT,2025,5842.35,839.6,4963.76,344.86,1268.08,1174.94,42.39,28.83083347068843,0.1184206911708148,14.370929506106275,16.91459699904911,27.717386175984903,0.742983699919144,1.1770009025416217,19.928195190843145,50.0,Safe,5.875,3.293333333333333,6.5,2025,Safe,0.998,0.0015,0.0005,0.998,1
KPITTECH,IT,2026,6454.93,637.34,7256.4,838.38,1340.82,945.73,73.67,17.999277024050247,0.2367689752945562,9.873693440517558,8.783143156386087,12.837382923849598,0.4660317680998227,0.8895499145581832,10.485164360231746,,Grey,,,,2026,Grey,0.0354,0.9642,0.0004,0.9642,1
LUPIN,Pharma,2017,17367.38,2557.46,26212.43,7966.09,698.17,3695.67,152.53,18.94755870871572,0.5901869743961321,14.725652343646535,9.7566688780857,24.22913525208156,0.147021228654999,0.6625627612548703,,4.534289139828104,Safe,6.125,3.3341666666666665,5.9,2017,Safe,0.9597,0.038,0.0023,0.9597,1
LUPIN,Pharma,2018,15796.55,251.26,26019.85,7142.8,1408.03,751.16,204.35,1.850621563136644,0.526093277926149,1.5906004792185635,0.9656473807496968,3.675850256912161,0.2656665389934698,0.6070961208462001,-9.044714861999925,4.330289284900289,Safe,6.270833333333333,3.9625,7.399999999999999,2018,Safe,0.9905,0.0068,0.0027,0.9905,1
LUPIN,Pharma,2019,14664.56,606.55,27661.09,8496.07,987.2,1805.91,302.49,4.413766906826621,0.6182453648352559,4.136162285128227,2.1927913903609726,5.970147773480115,0.182046511113283,0.5301511979462848,-7.166058411488585,3.604228102367869,Safe,5.729166666666667,3.7066666666666666,5.1000000000000005,2019,Safe,0.9888,0.0092,0.002,0.9888,1
LUPIN,Pharma,2020,15374.76,-269.39,24809.54,6305.32,2454.3,1250.31,362.98,-2.148811090637887,0.5029489419065623,-1.752157432050972,-1.0858323048311254,3.4445699487575068,0.4112763761160415,0.6197116109367606,4.842968353636246,5.418519305878319,Safe,4.258333333333334,6.645833333333333,-10.4,2020,Safe,0.9972,0.0013,0.0015,0.9972,1
LUPIN,Pharma,2021,15162.96,1216.53,23430.23,5129.08,1742.46,1817.09,140.64,8.813429408091203,0.3715879140543384,8.023037718229158,5.192138532144157,12.92015073947668,0.3873846434312062,0.6471536984485428,-1.37758247933627,6.521773941470504,Safe,4.0,5.14,5.0,2021,Safe,0.9959,0.0029,0.0012,0.9959,1
LUPIN,Pharma,2022,16405.48,-1528.04,21651.49,4158.38,1098.13,-1229.44,142.77,-12.57307704017108,0.3421614100567172,-9.314204765724623,-7.057435770009361,-8.611332913076977,0.2056484838497033,0.7577067444319073,8.194442246104995,5.855334417721028,Safe,5.033333333333334,6.696666666666666,5.800000000000001,2022,Safe,0.9975,0.0007,0.0018,0.9975,1
LUPIN,Pharma,2023,16641.66,430.08,22800.28,4541.52,1293.13,990.79,274.3,3.4504392474627945,0.3643563720967548,2.584357570098175,1.8862926244765412,3.612067079839592,0.2231743138899531,0.7298884048792383,1.4396409004795885,9.264681432261684,Safe,6.479166666666667,5.648333333333333,6.949999999999999,2023,Safe,0.9983,0.0014,0.0002,0.9983,1
LUPIN,Pharma,2024,20010.82,1914.48,23751.31,2921.77,1202.54,2733.88,311.61,13.3970689188253,0.2044584119706458,9.567224131744728,8.060523819528271,8.773402650749334,0.1838957066941927,0.842514370786285,20.24533610228787,23.69712105026975,Safe,6.479166666666667,4.940833333333333,6.8,2024,Safe,0.9986,0.0012,0.0001,0.9986,1
LUPIN,Pharma,2025,22707.9,3281.62,28978.47,5447.77,3142.33,4309.87,294.87,19.075304443863168,0.3166663760281338,14.451446412922373,11.324338379493463,14.616169837555532,0.4966383234290049,0.7836127994335105,13.47810834338623,12.576783947616908,Safe,5.875,3.293333333333333,6.5,2025,Safe,0.9976,0.002,0.0004,0.9976,1
LUPIN,Pharma,2026,27958.03,5332.84,38364.83,6616.18,5652.9,7307.04,434.49,23.756129091462284,0.2947300616038563,19.07444837851594,13.900335281037346,16.81751018435407,0.607813874271804,0.7287411413005087,23.120279726438795,,Grey,,,,2026,Grey,0.0213,0.9786,0.0001,0.9786,1
MARICO,FMCG,2017,5917.79,798.59,3623.21,238.8,235.96,1165.28,16.58,34.337914072443326,0.1026796463829933,13.494733675916178,22.040952635922288,70.28226779252111,0.2228707980316039,1.633300305530179,,50.0,Safe,6.125,3.3341666666666665,5.9,2017,Safe,0.9967,0.0028,0.0005,0.9967,1
MARICO,FMCG,2018,6322.0,814.0,4072.0,312.0,201.0,1133.0,16.0,32.009437672040896,0.1226897365316555,12.875672255615312,19.9901768172888,70.8125,0.1651602300739523,1.5525540275049117,6.830421491806904,50.0,Safe,6.270833333333333,3.9625,7.399999999999999,2018,Safe,0.9787,0.0194,0.002,0.9787,1
MARICO,FMCG,2019,7334.0,1114.0,4896.0,352.0,552.0,1297.0,40.0,37.445378151260506,0.1183193277310924,15.189528224706844,22.753267973856207,32.425,0.3518164435946462,1.4979575163398693,16.007592534008232,50.0,Safe,5.729166666666667,3.7066666666666666,5.1000000000000005,2019,Safe,0.9961,0.0035,0.0004,0.9961,1
MARICO,FMCG,2020,7315.0,1021.0,4964.0,338.0,279.0,1424.0,50.0,33.77439629507112,0.1118094608005292,13.95762132604238,20.568090249798548,28.48,0.1740486587648159,1.4736099919419825,-0.2590673575129543,50.0,Safe,4.258333333333334,6.645833333333333,-10.4,2020,Safe,0.9959,0.0037,0.0004,0.9959,1
MARICO,FMCG,2021,8048.0,1172.0,5426.0,511.0,944.0,1557.0,34.0,36.17283950617284,0.157716049382716,14.56262425447316,21.59970512347954,45.794117647058826,0.5635820895522388,1.4832288978990047,10.020505809979486,50.0,Safe,4.0,5.14,5.0,2021,Safe,0.9971,0.0026,0.0003,0.9971,1
MARICO,FMCG,2022,9512.0,1225.0,5677.0,479.0,579.0,1640.0,39.0,36.58900836320191,0.1430704898446834,12.878469301934398,21.57829839704069,42.05128205128205,0.312972972972973,1.675532851858376,18.19085487077534,50.0,Safe,5.033333333333334,6.696666666666666,5.800000000000001,2022,Safe,0.9979,0.0019,0.0002,0.9979,1
MARICO,FMCG,2023,9764.0,1302.0,6800.0,608.0,756.0,1799.0,56.0,34.27217688865491,0.1600421163464069,13.334698893895943,19.147058823529413,32.125,0.3159214375261178,1.4358823529411764,2.649285113540789,50.0,Safe,6.479166666666667,5.648333333333333,6.949999999999999,2023,Safe,0.9972,0.0027,0.0002,0.9972,1
MARICO,FMCG,2024,9653.0,1481.0,7353.0,528.0,943.0,2010.0,73.0,38.6482254697286,0.1377870563674321,15.34238060706516,20.14143886848905,27.534246575342465,0.3150684931506849,1.312797497620019,-1.136829168373621,50.0,Safe,6.479166666666667,4.940833333333333,6.8,2024,Safe,0.9947,0.0051,0.0002,0.9947,1
MARICO,FMCG,2025,10831.0,1629.0,8281.0,554.0,777.0,2169.0,53.0,40.9811320754717,0.1393710691823899,15.040162496537716,19.671537253954835,40.9245283018868,0.2070895522388059,1.3079338244173409,12.203460064228745,50.0,Safe,5.875,3.293333333333333,6.5,2025,Safe,0.9992,0.0006,0.0002,0.9992,1
MARICO,FMCG,2026,13611.0,1762.0,10075.0,557.0,493.0,2330.0,53.0,41.85273159144893,0.1323040380047506,12.945411799279992,17.488833746898262,43.9622641509434,0.0928786737000753,1.350967741935484,25.667066752839077,,Grey,,,,2026,Grey,0.0231,0.9768,0.0001,0.9768,1
MPHASIS,IT,2017,6076.36,791.58,7301.25,260.16,614.41,1113.09,13.88,12.866198556660816,0.0422859371952408,13.027207077921652,10.8417051874679,80.19380403458214,0.6913659431297752,0.8322355760999829,,31.34545077522817,Safe,6.125,3.3341666666666665,5.9,2017,Safe,0.997,0.0024,0.0006,0.997,1
MPHASIS,IT,2018,6545.84,837.5,6980.37,389.88,706.72,1140.58,13.0,15.27785632065438,0.0711227536990654,12.79438544174621,11.99793134174836,87.73692307692308,0.637431225759899,0.9377497181381504,7.726336161781067,27.771726672703124,Safe,6.270833333333333,3.9625,7.399999999999999,2018,Safe,0.991,0.0077,0.0013,0.991,1
MPHASIS,IT,2019,7730.98,1073.35,7368.27,542.59,641.61,1424.6999999999998,17.37,20.445462892061062,0.1033540197568678,13.88375083107187,14.56719148456829,82.02072538860102,0.407149112230782,1.0492259377031514,18.105239358126667,18.82895047471705,Safe,5.729166666666667,3.7066666666666666,5.1000000000000005,2019,Safe,0.9948,0.0048,0.0004,0.9948,1
MPHASIS,IT,2020,8843.54,1184.84,8739.77,571.28,1125.7,1596.5700000000002,81.19,20.324550569507338,0.0979964320021956,13.397802237565498,13.556878499090937,19.664613868703047,0.4812966834695091,1.0118733101672013,14.390931033323096,29.377915233187245,Safe,4.258333333333334,6.645833333333333,-10.4,2020,Safe,0.9972,0.0025,0.0003,0.9972,1
MPHASIS,IT,2021,9722.31,1216.81,9364.66,513.45,1062.24,1694.03,63.42,18.64354322468748,0.0786690384588866,12.515647001587071,12.993637782898684,26.71128981393882,0.4569756936975693,1.0381914559631635,9.93685786461076,50.0,Safe,4.0,5.14,5.0,2021,Safe,0.9984,0.0014,0.0002,0.9984,1
MPHASIS,IT,2022,11961.44,1430.89,10684.32,527.24,949.44,1987.3,74.4,20.608687135791588,0.075936823973015,11.96252290694097,13.39242927954236,26.711021505376344,0.2954131066541379,1.1195321742516136,23.0308434929559,41.77361751328014,Safe,5.033333333333334,6.696666666666666,5.800000000000001,2022,Safe,0.9983,0.0015,0.0003,0.9983,1
MPHASIS,IT,2023,13798.5,1637.92,11506.5,198.48,1053.44,2270.32,97.26,20.64213015007234,0.0250137368869441,11.87027575461101,14.234736887846,23.34279251490849,0.3122987803793453,1.1991917611784644,15.358184298880406,50.0,Safe,6.479166666666667,5.648333333333333,6.949999999999999,2023,Safe,0.997,0.0027,0.0002,0.997,1
MPHASIS,IT,2024,13278.52,1554.82,14000.33,1543.57,814.37,2229.19,160.87,17.67923762395376,0.1755131836431632,11.709286878356924,11.10559536810918,13.85708957543358,0.2223748344551697,0.9484433581208443,-3.7683806210820014,22.597577616585244,Safe,6.479166666666667,4.940833333333333,6.8,2024,Safe,0.998,0.0019,0.0001,0.998,1
MPHASIS,IT,2025,14229.99,1702.14,14744.33,1115.94,1612.58,2425.64,165.5,17.678344977716943,0.1159009969475686,11.961638764328017,11.544369937460706,14.65643504531722,0.403145,0.9651160819108092,7.165482297725956,30.73521174542822,Safe,5.875,3.293333333333333,6.5,2025,Safe,0.9991,0.0007,0.0002,0.9991,1
MPHASIS,IT,2026,15879.65,1862.6,17781.92,2619.68,1752.71,2713.33,204.06,17.336639450767517,0.2438336069815669,11.729477664809991,10.474684398535144,13.296726453004018,0.3966735467984755,0.8930222383184718,11.5928401917359,,Grey,,,,2026,Grey,0.036,0.9638,0.0002,0.9638,1
NESTLEIND,FMCG,2017,10009.6,1225.19,7362.59,35.14,1457.42,1931.2,91.9,35.818089861690524,0.0102730815444119,12.240149456521738,16.640747345703076,21.014145810663763,0.3730412658759208,1.3595215814000237,,50.0,Safe,6.125,3.3341666666666665,5.9,2017,Safe,0.999,0.0007,0.0003,0.999,1
NESTLEIND,FMCG,2018,11292.27,1606.93,8088.08,35.14,1610.06,2540.9,111.95,43.74098330311889,0.0095651842536488,14.230354038647675,19.86787964510737,22.69673961589995,0.3676607599561564,1.3961620063105211,12.814398177749364,50.0,Safe,6.270833333333333,3.9625,7.399999999999999,2018,Safe,0.9967,0.0027,0.0006,0.9967,1
NESTLEIND,FMCG,2019,12368.9,1968.44,7172.94,188.94,1308.05,2802.61,129.12,102.58329120784629,0.0984642002845424,15.914430547583052,27.442582818202855,21.7054677819083,0.2582460864775435,1.7243835860888284,9.534221197332338,23.89420246668389,Safe,5.729166666666667,3.7066666666666666,5.1000000000000005,2019,Safe,0.9966,0.003,0.0004,0.9966,1
NESTLEIND,FMCG,2020,13350.03,2082.43,7899.73,147.49,1769.87,2976.97,164.18,103.12428813374666,0.073038715619955,15.598691538520884,26.36077435557924,18.132354732610548,0.3087215894224563,1.6899349724610844,7.932233262456645,36.77087384379677,Safe,4.258333333333334,6.645833333333333,-10.4,2020,Safe,0.9976,0.0021,0.0003,0.9976,1
NESTLEIND,FMCG,2021,14740.59,2118.41,8234.13,266.46,735.41,3059.0,201.68,108.83845908815336,0.1369002969615388,14.37127007806336,25.72718672160872,15.167592225307418,0.1221349577914367,1.7901818407044827,10.416156368187934,23.014757889538775,Safe,4.0,5.14,5.0,2021,Safe,0.9897,0.0095,0.0008,0.9897,1
NESTLEIND,FMCG,2022,16896.96,2390.52,8978.74,270.52,945.55,3410.54,154.57,97.20840771479808,0.1100045950462961,14.14763365717857,26.624225670862504,22.064695607168275,0.1513109992718893,1.881885431586169,14.628790299438489,23.05960107999997,Safe,5.033333333333334,6.696666666666666,5.800000000000001,2022,Safe,0.9796,0.0191,0.0013,0.9796,1
NESTLEIND,FMCG,2023,19126.3,2998.67,8978.74,270.52,945.55,4157.58,119.29,121.93829625442731,0.1100045950462961,15.678254550017517,33.39744774879326,34.85271187861514,0.1513109992718893,2.1301763944606926,13.193734257523236,,Grey,6.479166666666667,5.648333333333333,6.949999999999999,2023,Grey,0.1437,0.855,0.0013,0.855,1
NESTLEIND,FMCG,2024,24393.89,3932.84,10523.06,344.53,778.85,5434.36,145.49,117.71833254013151,0.1031252151372837,16.122233887256197,37.37353963580936,37.35212042064746,0.1139062600546387,2.318136549634802,27.54108217480642,50.0,Safe,6.479166666666667,4.940833333333333,6.8,2024,Safe,0.7184,0.2798,0.0018,0.7184,1
NESTLEIND,FMCG,2025,20201.56,3314.5,12323.89,1166.85,95.65,4583.47,136.0,80.5047180695384,0.2834120690283327,16.407148754848635,26.894917108153354,33.70198529411765,0.0135868600219605,1.6392194347726248,-17.18598386727167,50.0,Safe,5.875,3.293333333333333,6.5,2025,Safe,0.9791,0.0201,0.0008,0.9791,1
NESTLEIND,FMCG,2026,23154.6,3544.6,13357.17,444.16,1340.87,4767.96,158.31,66.76285118020658,0.083657924674718,15.308405241291148,26.53705837389208,30.117870001895017,0.1763427878539198,1.7334959426285657,14.617880995329058,,Grey,,,,2026,Grey,0.0021,0.9979,0.0,0.9979,1
NTPC,Energy,2017,82042.49,10719.64,248600.82,113773.2,3301.46,17179.13,3752.8,10.956517721842696,1.1628730834904468,13.065961308585342,4.311988995048367,4.577683329780431,0.0892537361853061,0.3300169725908386,,1.3625227317328004,Distress,6.125,3.3341666666666665,5.9,2017,Distress,0.0085,0.1019,0.8896,0.8896,1
NTPC,Energy,2018,88083.31,10543.95,282492.26,130048.56,4387.6,20601.03,4446.59,10.18114785068519,1.2557377615871697,11.970428904181736,3.732473944595863,4.632995171580919,0.0897622617569516,0.3118078704174054,7.363038347568418,1.1873166251963911,Distress,6.270833333333333,3.9625,7.399999999999999,2018,Distress,0.0015,0.1694,0.8291,0.8291,1
NTPC,Energy,2019,100286.54,13736.68,346922.99,173058.23,2933.43,16859.199999999997,5604.65,12.335800580856697,1.5540959053832744,13.697431380123396,3.959576158386045,3.0080736531273136,0.0469284601866464,0.289074356242577,13.854190992595528,0.971099700036633,Distress,5.729166666666667,3.7066666666666666,5.1000000000000005,2019,Distress,0.0003,0.0129,0.9868,0.9868,1
NTPC,Energy,2020,109464.04,11600.23,377670.98,200629.67,3214.29,29438.53,8189.01,9.76128575799425,1.6882454403077236,10.597297523460671,3.0715174356261103,3.5948826537029506,0.0552263103682595,0.2898396906217152,9.151277928224475,1.013870933983878,Distress,4.258333333333334,6.645833333333333,-10.4,2020,Distress,0.0003,0.002,0.9977,0.9977,1
NTPC,Energy,2021,111531.15,14634.63,398021.79,210207.87,4387.8,26614.14,9224.21,11.638943912710246,1.6717864469004593,13.12156289969215,3.676841411119728,2.885248709645596,0.0706849487196629,0.2802136787536179,1.888391840827364,1.030098744517843,Distress,4.0,5.14,5.0,2021,Distress,0.0004,0.0023,0.9974,0.9974,1
NTPC,Energy,2022,132669.28,16675.9,415831.42,210706.56,4458.08,31383.07,9375.68,12.318415669095051,1.5564803040826083,12.569526268628278,4.010254924940497,3.3472846769514315,0.0639140991571174,0.3190458287158772,18.95266927669983,1.21581865045753,Distress,5.033333333333334,6.696666666666666,5.800000000000001,2022,Distress,0.0006,0.0041,0.9953,0.9953,1
NTPC,Energy,2023,176207.18,16912.55,447188.89,222913.16,4948.53,35364.62,11447.15,11.503322911619982,1.5161770760350222,9.5981049126375,3.781970075329912,3.0893820732671453,0.0640565179975912,0.394033000238445,32.816866120024166,1.6575877601569158,Distress,6.479166666666667,5.648333333333333,6.949999999999999,2023,Distress,0.0017,0.0246,0.9737,0.9737,1
NTPC,Energy,2024,178524.8,20811.89,479277.72,237130.98,6847.34,40442.16,12300.51,12.950024600323305,1.475527702913466,11.657702459266163,4.342344559642789,3.287844162559113,0.0840809519254466,0.3724871667308048,1.3152812501737945,1.6959705674489824,Distress,6.479166666666667,4.940833333333333,6.8,2024,Distress,0.0017,0.0264,0.9719,0.9719,1
NTPC,Energy,2025,188138.06,23422.46,523497.03,250096.15,11457.1,45480.11,13281.78,12.724676695686602,1.3586927468702863,12.449612800302075,4.474229777387658,3.424248105299139,0.1282563070834656,0.359387062807214,5.384831687250191,1.6947987633968649,Distress,5.875,3.293333333333333,6.5,2025,Distress,0.0037,0.053,0.9433,0.9433,1
NTPC,Energy,2026,187384.63,27052.52,558643.56,271004.58,8003.78,38470.23,13800.89,13.31484227417584,1.3338436634662014,14.436893783657707,4.8425368046845465,2.787518051372049,0.0947604350338626,0.3354278889387,-0.4004665509998339,,Grey,,,,2026,Grey,0.0001,0.9671,0.0327,0.9671,1
OFSS,IT,2017,4426.53,1185.39,6020.18,,3031.7,,,36.310532103571965,,26.7792153221598,19.69027504161005,,1.1001999571779546,0.7352820015348378,,,Grey,6.125,3.3341666666666665,5.9,2017,Grey,0.0453,0.947,0.0077,0.947,1
OFSS,IT,2018,4527.47,1237.04,5932.64,,2646.07,,,26.278680967585004,,27.32298612690973,20.851425335095332,,2.159616404815344,0.763145918174708,2.280341486446513,,Grey,6.270833333333333,3.9625,7.399999999999999,2018,Grey,0.0166,0.978,0.0053,0.978,1
OFSS,IT,2019,4958.9,1385.9,6128.46,,2827.96,,,28.074262389725614,,27.94773034342294,22.61416408037256,,2.3726288058662144,0.8091592341305972,9.52916308666869,,Grey,5.729166666666667,3.7066666666666666,5.1000000000000005,2019,Grey,0.0068,0.9917,0.0015,0.9917,1
OFSS,IT,2020,4861.28,1462.22,7919.97,114.68,4496.81,2299.65,47.37,22.25743502628783,0.0174562148569619,30.078909258466908,18.46244367087249,48.54654844838506,3.6390496152009777,0.6138003047991343,-1.9685817419185736,50.0,Safe,4.258333333333334,6.645833333333333,-10.4,2020,Safe,0.9961,0.0036,0.0002,0.9961,1
OFSS,IT,2021,4983.94,1761.86,8152.57,69.76,4914.13,2496.46,19.13,25.725203211671587,0.010185770583623,35.350746598073016,21.611099322054272,130.49973863042342,3.982148066513241,0.6113336040046268,2.523203765263471,50.0,Safe,4.0,5.14,5.0,2021,Safe,0.9935,0.0061,0.0004,0.9935,1
OFSS,IT,2022,5221.46,1888.83,8592.43,83.39,5122.49,2540.48,12.2,26.604401037228385,0.0117455832578605,36.174365024341846,21.982489237619625,208.2360655737705,3.634647177776989,0.6076814125922468,4.765707452336909,50.0,Safe,5.033333333333334,6.696666666666666,5.800000000000001,2022,Safe,0.992,0.0075,0.0004,0.992,1
OFSS,IT,2023,5698.31,1806.14,9118.77,69.4,5469.74,2582.57,12.66,24.21453000505436,0.0093043085383789,31.69606427168757,19.806837983631564,203.9944707740916,3.439093092564415,0.6248989721201434,9.13250316961156,50.0,Safe,6.479166666666667,5.648333333333333,6.949999999999999,2023,Safe,0.9944,0.0054,0.0002,0.9944,1
OFSS,IT,2024,6373.0,2219.4,9749.4,43.0,5538.2,3050.4,28.1,28.240952817224,0.0054715732681834,34.8250431507924,22.76447781401933,108.55516014234875,2.997510283611171,0.6536812521796214,11.84017717533794,50.0,Safe,6.479166666666667,4.940833333333333,6.8,2024,Safe,0.9912,0.0085,0.0003,0.9912,1
OFSS,IT,2025,6846.8,2379.6,10067.3,45.6,5951.4,3311.4,0.5,28.45594566153257,0.0054529800057399,34.7549220073611,23.63692350481261,6622.8,3.5866931838727174,0.6801029074329762,7.434489251529897,50.0,Safe,5.875,3.293333333333333,6.5,2025,Safe,0.9982,0.0016,0.0003,0.9982,1
OFSS,IT,2026,7672.1,2639.3,9933.9,32.5,5509.8,3682.6,2.5,33.72260908452054,0.0041525586149619,34.40127214191682,26.56861856873937,1473.04,2.65545327485662,0.7723150021643062,12.053806157621082,,Grey,,,,2026,Grey,0.01,0.9899,0.0001,0.9899,1
ONGC,Energy,2016,124035.71,12875.21,341772.38,45500.17,24689.04,23817.83,3765.58,6.508757434522715,0.2300153316020068,10.380244527966983,3.767188559824524,6.325142474731649,0.2507556223902094,0.3629190574147624,,2.4337883842990893,Grey,6.5,4.940833333333333,8.1,2016,Grey,0.0405,0.9471,0.0124,0.9471,1
ONGC,Energy,2017,282506.11,24419.25,444525.32,80029.27,13212.64,45308.65,3591.11,12.562297689093851,0.4117045009903531,8.643795350125348,5.493331628443572,12.61689282700892,0.0776707749882826,0.6355231013612452,127.7619163061992,2.314811709177352,Grey,6.125,3.3341666666666665,5.9,2017,Grey,0.0316,0.948,0.0203,0.948,1
ONGC,Energy,2018,322705.76,22105.93,459232.4,106549.94,5062.84,44206.54,4999.04,10.835234750030304,0.522255165243735,6.850181416036702,4.813669505897232,8.843005857124568,0.0340556961078483,0.7027068647595422,14.229656838218483,1.938691626118424,Grey,6.270833333333333,3.9625,7.399999999999999,2018,Grey,0.0026,0.9576,0.0397,0.9576,1
ONGC,Energy,2019,421623.93,30546.04,492343.29,107741.69,4819.66,60682.39,5836.73,14.080756578075473,0.496655052569979,7.244854436986061,6.2042157617299925,10.396641612683815,0.028745438501744,0.856361686172264,30.652743849381547,2.069621220225061,Grey,5.729166666666667,3.7066666666666666,5.1000000000000005,2019,Grey,0.0062,0.9631,0.0307,0.9631,1
ONGC,Energy,2020,396727.91,10803.6,508364.04,129472.52,9640.24,26451.79,7489.34,5.267361141583367,0.6312511762291045,2.723176193981412,2.125169986453015,3.531925376601944,0.0554716085652476,0.7804012061907447,-5.904792927668979,1.5025353047998409,Distress,4.258333333333334,6.645833333333333,-10.4,2020,Distress,0.0014,0.0534,0.9452,0.9452,1
ONGC,Energy,2021,303848.91,16304.4,541747.65,133186.92,7192.26,35205.48,5079.03,7.378191219072734,0.6027075903678412,5.365956389312044,3.00959311960098,6.931536139774722,0.0383424137382853,0.5608679797688093,-23.4112593691732,1.552665845472044,Distress,4.0,5.14,5.0,2021,Distress,0.0006,0.0296,0.9698,0.9698,1
ONGC,Energy,2022,491246.24,45522.11,583259.52,121985.86,6840.94,59787.15,5696.04,17.5420422067714,0.4700751139939047,9.266658203836837,7.804777880007855,10.496265826784924,0.0339045178748654,0.8422429864496682,61.6745111904466,2.147659915545091,Grey,5.033333333333334,6.696666666666666,5.800000000000001,2022,Grey,0.0045,0.9768,0.0187,0.9768,1
ONGC,Energy,2023,632291.18,35440.48,613114.52,142254.81,29140.33,50940.11,7889.36,12.62812077650489,0.5068810923889167,5.605088465728717,5.780401351447361,6.456811452386506,0.1531988895992643,1.0312774520492518,28.711657925361436,2.582701904493928,Grey,6.479166666666667,5.648333333333333,6.949999999999999,2023,Grey,0.0025,0.992,0.0055,0.992,1
ONGC,Energy,2024,601580.88,49143.93,736620.79,191195.23,41831.85,86654.92,13025.7,14.493789580453386,0.5638831555405498,8.169130973710468,6.671537196228197,6.652611375972116,0.2027162386989362,0.816676488319044,-4.8569869344057714,2.4478942657038645,Grey,6.479166666666667,4.940833333333333,6.8,2024,Grey,0.0047,0.9866,0.0087,0.9866,1
ONGC,Energy,2025,612065.37,36225.62,752656.05,187817.3,27177.76,66932.83,14534.95,10.547859704831533,0.5468700136920376,5.918586767946045,4.813037774691375,4.604957705392863,0.1227550694050138,0.8132072677818772,1.7428230099334252,2.367978559414723,Grey,5.875,3.293333333333333,6.5,2025,Grey,0.0076,0.9747,0.0177,0.9747,1
PERSISTENT,IT,2017,2878.44,301.47,2335.31,2.72,150.96,400.76,0.09,15.87302423048977,0.0014321367269357,10.473381414933089,12.90920691471368,4452.888888888889,0.3483719105531581,1.2325729774633776,,50.0,Safe,6.125,3.3341666666666665,5.9,2017,Safe,0.9931,0.006,0.0009,0.9931,1
PERSISTENT,IT,2018,3033.7,323.09,2643.77,2.19,241.4,429.34,0.08,15.188510718315158,0.0010295223768333,10.650031314896,12.220805894612615,5366.75,0.4693028500330495,1.1474901371904511,5.393893914759373,50.0,Safe,6.270833333333333,3.9625,7.399999999999999,2018,Safe,0.9894,0.0087,0.0019,0.9894,1
PERSISTENT,IT,2019,3365.94,351.68,2855.6,1.67,672.88,486.65,0.31,14.999061705648534,0.0007122507122507,10.448195749181506,12.31545034318532,1569.8387096774193,1.3213156602847325,1.1787155063734418,10.95164320796389,50.0,Safe,5.729166666666667,3.7066666666666666,5.1000000000000005,2019,Safe,0.9944,0.0049,0.0006,0.9944,1
PERSISTENT,IT,2020,3565.81,340.29,3092.16,71.37,457.22,458.67,6.33,14.263379384347129,0.0299149956408021,9.54313325724029,11.004928593604472,72.45971563981043,0.7199974804339954,1.1531777139604678,5.938014343690012,49.24378948165732,Safe,4.258333333333334,6.645833333333333,-10.4,2020,Safe,0.9972,0.0024,0.0004,0.9972,1
PERSISTENT,IT,2021,4187.89,450.68,3665.53,98.44,980.9,615.23,5.79,16.120643709736846,0.0352115950738105,10.761505197127908,12.295084203375774,106.2573402417962,1.2715511653833191,1.1425059950402807,17.445685552511225,50.0,Safe,4.0,5.14,5.0,2021,Safe,0.9957,0.0038,0.0005,0.9957,1
PERSISTENT,IT,2022,5710.75,690.39,5419.1,578.22,914.46,936.12,11.84,20.49711569578087,0.1716687993397125,12.089305257628157,12.739938366149358,79.0641891891892,0.6209622109802058,1.0538188998173128,36.3634192875171,17.30296064215329,Safe,5.033333333333334,6.696666666666666,5.800000000000001,2022,Safe,0.9846,0.0148,0.0006,0.9846,1
PERSISTENT,IT,2023,8350.59,921.09,6619.15,655.37,903.28,1288.1899999999998,47.34,23.23004832184975,0.1652854419078555,11.03023858194451,13.915532961180816,27.211449091677224,0.4519337569420122,1.2615804144036622,46.2258022151206,27.98348333602011,Safe,6.479166666666667,5.648333333333333,6.949999999999999,2023,Safe,0.9956,0.0042,0.0002,0.9956,1
PERSISTENT,IT,2024,9821.59,1093.49,7405.45,451.13,1022.89,1494.34,46.73,22.056352630549185,0.0909956411327003,11.133533368833357,14.766016919971104,31.97817248020544,0.5123133711641232,1.326265115556786,17.61552177750314,50.0,Safe,6.479166666666667,4.940833333333333,6.8,2024,Safe,0.9952,0.0046,0.0002,0.9952,1
PERSISTENT,IT,2025,11938.72,1400.16,8721.55,310.9,1025.47,1889.44,67.13,22.157690926038164,0.0492002778889931,11.727890427114469,16.054027093807868,28.145985401459857,0.4902848564243299,1.36887594521616,21.555878427016385,50.0,Safe,5.875,3.293333333333333,6.5,2025,Safe,0.9993,0.0006,0.0002,0.9993,1
PERSISTENT,IT,2026,14748.45,1865.12,11376.54,477.45,1218.25,2483.89,72.68,23.796291334624502,0.0609158622379067,12.64621027972431,16.394439785734498,34.17570170610897,0.397960950336956,1.2963915214995068,23.5346000241232,,Grey,,,,2026,Grey,0.0114,0.9885,0.0001,0.9885,1
POWERGRID,Energy,2017,25697.44,7450.73,195662.25,118987.91,3353.63,15660.55,6203.55,14.94165304669561,2.386177016173507,28.99405543898536,3.8079547792177593,2.5244497102465524,0.1250941853508022,0.131335707322184,,0.7643975526154488,Distress,6.125,3.3341666666666665,5.9,2017,Distress,0.0008,0.0091,0.9901,0.9901,1
POWERGRID,Energy,2018,29953.62,8204.0,225354.36,131502.96,2189.02,20794.89,7324.14,15.073680791107336,2.416179476018718,27.389010076244546,3.640488695226487,2.8392261753598373,0.0555230750929413,0.1329178632266089,16.56266149468586,0.7230491478146424,Distress,6.270833333333333,3.9625,7.399999999999999,2018,Distress,0.0003,0.0166,0.9831,0.9831,1
POWERGRID,Energy,2019,35059.12,10033.52,247380.3,146376.36,4336.65,17883.739999999998,8736.57,16.980526969849745,2.4772440068175827,28.618858659316032,4.055909059856424,2.0469978492703658,0.1034616031520521,0.1417215517969701,17.044684415439626,0.6628079842811094,Distress,5.729166666666667,3.7066666666666666,5.1000000000000005,2019,Distress,0.0003,0.0054,0.9943,0.9943,1
POWERGRID,Energy,2020,37743.54,11059.4,256671.13,148269.64,5453.9,24099.15,9509.0,17.09458253182029,2.2918129355510093,29.301438073906155,4.308782214813173,2.5343516668419395,0.1247856708462472,0.1470501961011353,7.656837935464433,0.7739609861194798,Distress,4.258333333333334,6.645833333333333,-10.4,2020,Distress,0.0004,0.0021,0.9975,0.9975,1
POWERGRID,Energy,2021,39639.79,12036.46,255707.97,143232.5,5358.71,23635.4,8134.69,17.210661108066265,2.048049025345576,30.36459073067743,4.707111788498419,2.905507155158955,0.1259705120429531,0.1550197672759281,5.024038550702992,0.913338309390188,Distress,4.0,5.14,5.0,2021,Distress,0.0004,0.0027,0.9968,0.9968,1
POWERGRID,Energy,2022,41621.64,16824.07,250950.3,134695.63,5048.18,27645.86,8036.22,22.06518461744069,1.766566557980609,40.42144903468484,6.7041442070402,3.4401571883298367,0.1261807149352347,0.1658561077631706,4.999648080880337,1.179558861244398,Distress,5.033333333333334,6.696666666666666,5.800000000000001,2022,Distress,0.0016,0.0101,0.9883,0.9883,1
POWERGRID,Energy,2023,45603.11,15419.74,252225.22,128583.81,7384.58,27335.56,9633.94,18.57211733777337,1.548711980265528,33.812913198244594,6.113480642419502,2.837422695179749,0.1818184951811049,0.1808031330094587,9.565865256630923,1.51311904711632,Distress,6.479166666666667,5.648333333333333,6.949999999999999,2023,Distress,0.0111,0.279,0.7099,0.7099,1
POWERGRID,Energy,2024,45843.1,15573.16,250829.3,123516.21,7495.12,27286.7,8772.75,17.870377351064217,1.417362488841887,33.970564817824275,6.208668604505136,3.110392978256533,0.1865943968305102,0.1827661281995365,0.526257967932442,2.154845994893438,Grey,6.479166666666667,4.940833333333333,6.8,2024,Grey,0.0147,0.5542,0.4311,0.5542,1
POWERGRID,Energy,2025,45792.32,15521.44,266019.39,131030.21,10077.24,27994.33,8700.13,16.750452527826425,1.4140539230355738,33.89529073870903,5.83470250044555,3.21769100001954,0.2380842014091924,0.1721390309180094,-0.1107691233795282,1.9270212313847288,Grey,5.875,3.293333333333333,6.5,2025,Grey,0.0092,0.9107,0.0801,0.9107,1
POWERGRID,Energy,2026,46732.87,15927.95,294727.26,148070.6,8920.41,22994.22,8447.58,15.849647984064328,1.4734268294345445,34.08296986681965,5.404301590562068,2.7219890193404503,0.193238773440768,0.1585631067855752,2.053947037407156,,Grey,,,,2026,Grey,0.0001,0.9852,0.0147,0.9852,1
RELIANCE,Energy,2017,303954.0,29901.0,706802.0,217475.0,3023.0,43883.0,3849.0,11.338634631355015,0.8246779594173881,9.837343808602618,4.230463411252374,11.401143154065991,0.0133987536455424,0.4300412279535145,,1.1056291390851525,Distress,6.125,3.3341666666666665,5.9,2017,Distress,0.0011,0.0176,0.9812,0.9812,1
RELIANCE,Energy,2018,390823.0,36075.0,811273.0,239843.0,4255.0,57478.0,8052.0,12.291060489393743,0.8171655775350418,9.230521233397216,4.446715224098423,7.138350720317933,0.015309940847138,0.4817404252329363,28.579653500200685,1.5456608787619972,Distress,6.270833333333333,3.9625,7.399999999999999,2018,Distress,0.0006,0.0306,0.9689,0.9689,1
RELIANCE,Energy,2019,568337.0,39588.0,997630.0,307714.0,11081.0,71722.0,16495.0,10.226497757754862,0.7948965674016822,6.965585559272052,3.96820464500867,4.348105486511064,0.0365946288688392,0.569687158565801,45.4205612259258,1.7735676181683722,Distress,5.729166666666667,3.7066666666666666,5.1000000000000005,2019,Grey,0.0028,0.9669,0.0302,0.9669,0
RELIANCE,Energy,2020,596679.0,39354.0,1163015.0,355133.0,30920.0,75633.0,22027.0,8.761571445746116,0.7906497820404929,6.595506126409678,3.383791266664661,3.4336496118400146,0.086196322438921,0.5130449736245878,4.986829996991227,1.8865394485387017,Grey,4.258333333333334,6.645833333333333,-10.4,2020,Grey,0.0036,0.9787,0.0176,0.9787,1
RELIANCE,Energy,2021,466307.0,49128.0,1320065.0,278962.0,17397.0,76650.0,21189.0,7.016561644852979,0.398419245556806,10.535548469141574,3.721634919492601,3.617443012884044,0.0510279206056357,0.3532454841238878,-21.84960422605789,2.553669657646468,Grey,4.0,5.14,5.0,2021,Grey,0.0045,0.9365,0.059,0.9365,1
RELIANCE,Energy,2022,694673.0,60705.0,1498622.0,319158.0,36178.0,98399.0,14584.0,7.787834275194519,0.4094472632571505,8.738643937507288,4.050721262599908,6.747051563357104,0.0904497486118021,0.4635411731577409,48.97331586272562,2.589812970645621,Grey,5.033333333333334,6.696666666666666,5.800000000000001,2022,Grey,0.0032,0.9801,0.0167,0.9801,1
RELIANCE,Energy,2023,876396.0,66702.0,1605882.0,451664.0,68664.0,114035.0,19571.0,9.317587501676275,0.6309284341334763,7.6109429983706,4.153605308484684,5.826733432118951,0.156643382168424,0.5457412188442239,26.159502384575184,2.275197025637733,Grey,6.479166666666667,5.648333333333333,6.949999999999999,2023,Grey,0.0048,0.9779,0.0173,0.9779,1
RELIANCE,Energy,2024,899041.0,69621.0,1755048.0,350719.0,97225.0,127458.0,23118.0,8.774123135903695,0.4420005015873096,7.743918241770954,3.966900050596907,5.513366208149494,0.1591639818743779,0.5122600635424216,2.58387760783938,2.4296043332205475,Grey,6.479166666666667,4.940833333333333,6.8,2024,Grey,0.0059,0.9764,0.0177,0.9764,1
RELIANCE,Energy,2025,962820.0,69648.0,1949713.0,374313.0,106502.0,130286.0,24269.0,8.259962049335863,0.4439195920303605,7.233750856857981,3.572218064915196,5.368412377930693,0.1454547937721934,0.4938265272888881,7.094114728916701,4.331462766091538,Safe,5.875,3.293333333333333,6.5,2025,Grey,0.0102,0.9452,0.0447,0.9452,0
RELIANCE,Energy,2026,1057219.0,80775.0,2178140.0,398000.0,145977.0,150223.0,27061.0,8.934991095428249,0.4402508766302003,7.64032806826211,3.70843931060446,5.551273049776431,0.1666194884204038,0.4853769730136722,9.804428657485298,,Grey,,,,2026,Grey,0.0001,0.9994,0.0005,0.9994,1
SBIN,Banking,2017,230447.1,241.23,3441759.51,2936176.32,146076.35,150059.5,149114.67,0.111067550093316,13.518795775998347,0.1046791215858216,0.0070089150418298,1.0063362645673963,0.5065218045609184,0.0669561889290748,,0.29500560438246,Distress,6.125,3.3341666666666665,5.9,2017,Distress,0.0003,0.0012,0.9985,0.9985,1
SBIN,Banking,2018,228970.28,-4556.29,3616439.17,3091257.62,134973.43,134358.07,146602.98,-1.9782265650321211,13.421463390701582,-1.9899045413230048,-0.1259882936175586,0.9164757087475304,0.4577549111509342,0.0633137374186775,-0.6408498957027442,0.2681375886917335,Distress,6.270833333333333,3.9625,7.399999999999999,2018,Distress,0.0001,0.0008,0.9992,0.9992,1
SBIN,Banking,2019,253322.17,2299.64,3888460.03,3354288.72,158218.46,161087.94999999998,155867.46,0.9806748662214048,14.304267806065154,0.9077926341780508,0.0591401218543578,1.0334931357706092,0.5279656855670455,0.0651471708711379,10.63539337943773,0.2905997678748174,Distress,5.729166666666667,3.7066666666666666,5.1000000000000005,2019,Distress,0.0002,0.0051,0.9947,0.9947,1
SBIN,Banking,2020,269851.66,19767.8,4197485.73,3607061.3,146633.51,191440.39,161123.8,7.873731598630639,14.367320863225908,7.325432054040356,0.4709438285571015,1.1881571189358742,0.4320828846144723,0.0642888808582084,6.525086217286069,0.2801324797191701,Distress,4.258333333333334,6.645833333333333,-10.4,2020,Distress,0.0005,0.0081,0.9914,0.9914,1
SBIN,Banking,2021,278115.48,22405.46,4845614.84,4149127.45,189807.29,188806.14,156010.17,8.130836536126447,15.05698926221785,8.056171486750756,0.4623863171097602,1.2102168724000493,0.4509281124420423,0.0573952922762635,3.0623565554497745,0.2624586306907019,Distress,4.0,5.14,5.0,2021,Distress,0.0007,0.0129,0.9864,0.9864,1
SBIN,Banking,2022,289972.69,35373.88,5360877.84,4536570.38,296525.21,205932.97,156194.34,11.57567554018148,14.84537935450615,12.199038468070906,0.6598523796990681,1.318440668208592,0.5716485609889062,0.0540905237266141,4.263412450108861,0.277988462537101,Distress,5.033333333333334,6.696666666666666,5.800000000000001,2022,Distress,0.0008,0.017,0.9822,0.9822,1
SBIN,Banking,2023,350844.58,55648.17,5954414.51,4989687.46,225692.63,265379.38,189980.82,15.50384903719185,13.901510350225218,15.86120270120747,0.9345699716830764,1.396874589761219,0.3725556632761344,0.0589217595467669,20.992283790587308,0.2788332630856687,Distress,6.479166666666667,5.648333333333333,6.949999999999999,2023,Distress,0.0008,0.0085,0.9907,0.9907,1
SBIN,Banking,2024,439188.51,67084.67,6733755.59,5606146.99,206766.69,350976.1,259736.05,16.167350505858483,13.510768313340964,15.274686944792796,0.9962445043242208,1.3512798858687505,0.2901298712925009,0.0652219261792363,25.180360488966368,0.3062699649641611,Distress,6.479166666666667,4.940833333333333,6.8,2024,Distress,0.0135,0.1251,0.8614,0.8614,1
SBIN,Banking,2025,490937.79,77561.34,7313729.9,6050755.27,208893.69,407308.63,300943.34,15.925151111796982,12.42361104324035,15.798608618008403,1.0604895321606012,1.3534395876645748,0.2692144539871472,0.0671255018591813,11.782931206465296,0.3363093895600118,Distress,5.875,3.293333333333333,6.5,2025,Distress,0.0044,0.0373,0.9582,0.9582,1
SBIN,Banking,2026,514932.59,83298.78,8321568.57,6820399.27,268681.74,429032.79,315004.81,13.973237118218687,11.441110691013195,16.176637800299257,1.000998541312266,1.3619880598013725,0.2968732940986826,0.0618792701962918,4.887543898382729,,Grey,,,,2026,Grey,0.0003,0.9952,0.0045,0.9952,1
SUNPHARMA,Pharma,2017,31578.44,6964.37,61095.45,9831.77,15140.84,9447.67,399.8,19.00773123775405,0.2683367508495573,22.054192670695578,11.399163112801364,23.630990495247623,1.0353411957459,0.5168705689212536,,9.616836418005184,Safe,6.125,3.3341666666666665,5.9,2017,Safe,0.9794,0.0192,0.0014,0.9794,1
SUNPHARMA,Pharma,2018,26489.46,2095.7,64297.39,10385.27,9929.38,3996.55,517.57,5.469786457260784,0.2710560156558511,7.911448553500146,3.2593858008855414,7.721757443437602,0.6365799226952669,0.4119834413185356,-16.115362253486875,6.883827561680788,Safe,6.270833333333333,3.9625,7.399999999999999,2018,Safe,0.9693,0.0253,0.0054,0.9693,1
SUNPHARMA,Pharma,2019,29065.91,2665.42,64589.53,10514.36,7275.6,4365.45,555.25,6.436803926483722,0.2539144815168468,9.170261657040845,4.126705984700616,7.862134173795587,0.5744147176994358,0.450009622302562,9.726321336863798,7.002749554594168,Safe,5.729166666666667,3.7066666666666666,5.1000000000000005,2019,Safe,0.9866,0.0102,0.0032,0.9866,1
SUNPHARMA,Pharma,2020,32837.5,3764.93,68194.32,8314.88,6487.55,5312.32,302.73,8.317631165296387,0.183695593340911,11.465336886181955,5.520885023855358,17.548046113698675,0.4438969852186009,0.4815283736240789,12.975991462163062,11.196631536166857,Safe,4.258333333333334,6.645833333333333,-10.4,2020,Safe,0.997,0.0027,0.0003,0.997,1
SUNPHARMA,Pharma,2021,33498.14,2903.82,67622.22,3868.58,6445.51,2940.8,141.43,6.249776702986779,0.0832619141601083,8.668600704397319,4.294180226558667,20.79332531994626,0.3727697754767547,0.4953717875574034,2.011846212409596,31.43622814895376,Safe,4.0,5.14,5.0,2021,Safe,0.9993,0.0005,0.0001,0.9993,1
SUNPHARMA,Pharma,2022,38654.49,3272.73,69775.91,1290.3,5033.35,4608.67,127.35,6.8165941211241865,0.0268749679762355,8.466623152963603,4.690343701715965,36.18900667451904,0.2458363838922674,0.5539804496996169,15.392944205260338,50.0,Safe,5.033333333333334,6.696666666666666,5.800000000000001,2022,Safe,0.9986,0.0012,0.0002,0.9986,1
SUNPHARMA,Pharma,2023,43885.68,8473.58,80711.9,6885.87,5770.29,9580.43,172.0,15.132641300050112,0.1229721094847467,19.308302845028265,10.49855101911862,55.700174418604654,0.3236163572275828,0.5437324607647696,13.53320144697292,27.413686578162405,Safe,6.479166666666667,5.648333333333333,6.949999999999999,2023,Safe,0.9959,0.004,0.0001,0.9959,1
SUNPHARMA,Pharma,2024,48496.85,9576.38,85327.79,3273.67,10520.68,11326.36,238.47,15.041414867258029,0.0514188332214224,19.74639589993989,11.223049372308834,47.49595336939657,0.5721688311052642,0.5683593820957978,10.507231516066296,50.0,Safe,6.479166666666667,4.940833333333333,6.8,2024,Safe,0.9971,0.0028,0.0001,0.9971,1
SUNPHARMA,Pharma,2025,52578.44,10929.04,91908.14,2362.19,11331.62,13983.49,231.36,15.133397453987248,0.032709149323119,20.786162541148045,11.891264473418786,60.440395919778695,0.653951164391823,0.5720759880463254,8.416196103458272,50.0,Safe,5.875,3.293333333333333,6.5,2025,Safe,0.9991,0.0007,0.0001,0.9991,1
SUNPHARMA,Pharma,2026,58462.04,11479.42,108785.22,4627.32,11603.08,15457.79,338.91,13.736278134916452,0.0553705279005921,19.635681546521468,10.552370993044828,45.61030952170192,0.5635898135838634,0.5374079309670928,11.190138010941354,,Grey,,,,2026,Grey,0.0073,0.9927,0.0001,0.9927,1
TATACONSUM,FMCG,2017,6779.55,389.44,9551.41,786.56,574.82,753.49,91.53,6.215625249381533,0.1255382651025456,5.744334063470289,4.077303769809902,8.23216431771004,0.2299877968271751,0.7097957264948317,,15.777210207378245,Safe,6.125,3.3341666666666665,5.9,2017,Safe,0.9832,0.0157,0.0011,0.9832,1
TATACONSUM,FMCG,2018,6815.35,495.56,10460.76,1067.58,1238.14,795.89,42.76,7.047613629899312,0.1518260424369986,7.271233318905118,4.737323100807207,18.612956033676333,0.5242845891310056,0.6515157598491887,0.5280586469603499,8.99768553243695,Safe,6.270833333333333,3.9625,7.399999999999999,2018,Safe,0.9884,0.0103,0.0013,0.9884,1
TATACONSUM,FMCG,2019,7251.5,408.19,10880.68,1141.1,1033.61,787.1800000000001,52.47,5.567474893237439,0.1556394228342987,5.629042267117148,3.751511854038534,15.002477606251192,0.4292596422594055,0.6664565082329413,6.399524602551598,11.788827633808031,Safe,5.729166666666667,3.7066666666666666,5.1000000000000005,2019,Safe,0.988,0.0112,0.0009,0.988,1
TATACONSUM,FMCG,2020,9637.42,459.76,18473.04,1586.32,1621.46,887.24,77.86,3.3280105625391783,0.1148270775092907,4.770571376986787,2.4888161342150505,11.395324942203956,0.5278430657647158,0.5217018963852187,32.90243397917671,21.24130229586425,Safe,4.258333333333334,6.645833333333333,-10.4,2020,Safe,0.999,0.0007,0.0003,0.999,1
TATACONSUM,FMCG,2021,11602.03,856.69,20217.82,1633.55,3074.88,1379.75,68.69,5.894178751124049,0.1123911298007294,7.383966426565006,4.237301548831675,20.08662105109914,0.7592746236814033,0.573851681338542,20.385227581655684,25.88501446915824,Safe,4.0,5.14,5.0,2021,Safe,0.9993,0.0005,0.0002,0.9993,1
TATACONSUM,FMCG,2022,12425.37,935.78,21074.87,1412.01,2599.89,1528.77,72.78,6.180053546639334,0.0932515912756225,7.531204302165649,4.440264637456838,21.00535861500412,0.575079851003778,0.5895822844933326,7.096516730261859,30.763280758834743,Safe,5.033333333333334,6.696666666666666,5.800000000000001,2022,Safe,0.9993,0.0005,0.0002,0.9993,1
TATACONSUM,FMCG,2023,13783.16,1203.77,22762.49,1600.04,2796.94,1880.72,87.16,7.39565919648381,0.0983024210666652,8.733628572838159,5.28839331725132,21.577787976135845,0.57247008641475,0.6055207492677646,10.927561915661263,38.77538505774346,Safe,6.479166666666667,5.648333333333333,6.949999999999999,2023,Safe,0.9996,0.0003,0.0001,0.9996,1
TATACONSUM,FMCG,2024,15205.85,1150.33,27878.79,3477.22,2454.49,1825.53,129.81,7.16413430081604,0.2165576058477441,7.565048977860493,4.126183381703438,14.063092211694014,0.2941347764710393,0.5454271867609749,10.321943589133408,16.11246418423385,Safe,6.479166666666667,4.940833333333333,6.8,2024,Safe,0.9997,0.0002,0.0001,0.9997,1
TATACONSUM,FMCG,2025,17618.3,1278.47,31830.62,2392.68,2817.86,2066.75,290.2,6.392004831739086,0.1196275401128338,7.256488991559913,4.016478472615362,7.121812543073743,0.2986014415812039,0.553501628306329,15.865275535402487,30.722723844036143,Safe,5.875,3.293333333333333,6.5,2025,Safe,0.9998,0.0001,0.0001,0.9998,1
TATACONSUM,FMCG,2026,20290.43,1542.3,34278.74,2819.51,3420.49,2309.8100000000004,137.03,7.0788198570466685,0.1294093456210961,7.60112033111176,4.499290230621079,16.85623586076042,0.3536596461842282,0.59192461566557,15.166786806899646,25.38226626524086,Safe,,,,2026,Safe,0.9003,0.0994,0.0003,0.9003,1
TATAPOWER,Energy,2017,27587.59,896.55,82829.26,48815.41,954.3,4815.05,3364.96,6.784567011362476,3.694065253830059,3.2498308116076826,1.0824073521844817,1.4309382578098997,0.0458813517762617,0.3330657547827905,,0.7350259820218213,Distress,6.125,3.3341666666666665,5.9,2017,Distress,0.0069,0.0096,0.9834,0.9834,1
TATAPOWER,Energy,2018,26840.27,2408.3,81891.8,48589.24,1185.78,6534.3,3761.48,14.68486354778206,2.962780215464992,8.972711526374361,2.9408316827814263,1.7371619681614685,0.0701533721279702,0.3277528397226584,-2.708899182567237,0.8708436991275955,Distress,6.270833333333333,3.9625,7.399999999999999,2018,Distress,0.0033,0.0191,0.9776,0.9776,1
TATAPOWER,Energy,2019,29881.06,2356.19,84073.44,48506.04,787.45,7863.25,4170.0,12.871479680161876,2.649805441093966,7.885228971127529,2.8025378764090063,1.885671462829736,0.0456178321145598,0.3554161694823002,11.32920794015857,0.9052611954531328,Distress,5.729166666666667,3.7066666666666666,5.1000000000000005,2019,Distress,0.0019,0.0203,0.9777,0.9777,1
TATAPOWER,Energy,2020,29136.37,1017.38,89673.91,51936.15,2094.18,6451.66,4493.73,5.199728917787062,2.654405443723353,3.491787068876459,1.1345328869902072,1.4357026345597088,0.1152437796270472,0.3249146825425589,-2.492180665612276,0.8756768555320518,Distress,4.258333333333334,6.645833333333333,-10.4,2020,Distress,0.0127,0.0058,0.9815,0.9815,1
TATAPOWER,Energy,2021,32703.31,1127.38,98654.84,46707.95,5870.67,5950.92,4010.39,5.050474279934021,2.092438220861149,3.447296313431271,1.1427518406598196,1.4838756330431704,0.1981685509658686,0.331492200484031,12.242225095301862,1.4364431372519006,Distress,4.0,5.14,5.0,2021,Distress,0.0197,0.0084,0.9718,0.9718,1
TATAPOWER,Energy,2022,42815.67,1741.46,112549.99,51195.12,6640.7,6394.1900000000005,3859.02,7.759977470371934,2.281263869356676,4.067342634133718,1.547276903356455,1.656946582292914,0.1706536915004146,0.3804146939506613,30.921518341721367,1.261984598634449,Distress,5.033333333333334,6.696666666666666,5.800000000000001,2022,Distress,0.0204,0.0168,0.9628,0.9628,1
TATAPOWER,Energy,2023,55109.08,3336.44,128096.14,52923.0,11206.53,9828.65,4371.65,11.589919628115464,1.8384065545274448,6.054247321856943,2.6046374231104856,2.2482701039653223,0.2415944479452831,0.4302165545347424,28.71240833087514,1.856298874797574,Grey,6.479166666666667,5.648333333333333,6.949999999999999,2023,Grey,0.0234,0.9615,0.0151,0.9615,1
TATAPOWER,Energy,2024,61448.9,3696.25,139054.4,53689.45,9151.91,10365.240000000002,4633.22,11.42394334898559,1.6593716205294404,6.015160564306277,2.658132356833009,2.237156880096348,0.1726460799786303,0.4419054700894039,11.504129628003223,2.0256799168193167,Grey,6.479166666666667,4.940833333333333,6.8,2024,Grey,0.0199,0.9704,0.0097,0.9704,1
TATAPOWER,Energy,2025,65478.24,3971.0,156193.3,62865.8,11750.98,11022.06,4702.44,11.079591983073978,1.7540352900768876,6.06461016667522,2.5423625725303203,2.3439023145430884,0.2044116887294011,0.4192128599626232,6.557220715098233,1.777345056405878,Distress,5.875,3.293333333333333,6.5,2025,Grey,0.2023,0.6726,0.1251,0.6726,0
TATAPOWER,Energy,2026,62428.59,3747.19,175171.78,76141.27,13644.0,11892.78,5256.79,9.494438547847697,1.9292285925455588,6.002362058793896,2.139151637324231,2.2623654359409446,0.2290672276384955,0.3563849725109832,-4.657501484462623,,Grey,,,,2026,Grey,0.0001,0.9998,0.0001,0.9998,1
TCS,IT,2017,117966.0,26289.0,102333.0,289.0,4149.0,34545.0,32.0,30.4927273992623,0.0033521237850001,22.28523472865063,25.689660226906277,1079.53125,0.2620972836386607,1.152765969921726,,50.0,Safe,6.125,3.3341666666666665,5.9,2017,Safe,0.9948,0.0049,0.0004,0.9948,1
TCS,IT,2018,123104.0,25826.0,105126.0,247.0,7161.0,34144.0,52.0,30.33784418757636,0.002901513015694,20.979009617884063,24.56671042368206,656.6153846153846,0.362563920814136,1.1710138310218214,4.355492260481841,50.0,Safe,6.270833333333333,3.9625,7.399999999999999,2018,Safe,0.9961,0.0035,0.0004,0.9961,1
TCS,IT,2019,146463.0,31472.0,113901.0,62.0,12848.0,41761.0,198.0,35.185475035216776,0.0006931556469825,21.488020865338004,27.63101289716508,210.91414141414143,0.5267084819415406,1.2858798430215714,18.97501299714064,50.0,Safe,5.729166666666667,3.7066666666666666,5.1000000000000005,2019,Safe,0.9965,0.0032,0.0002,0.9965,1
TCS,IT,2020,156949.0,32340.0,120127.0,8174.0,9666.0,43172.0,924.0,38.44233649525711,0.0971637781423103,20.60541959490025,26.92150807062525,46.722943722943725,0.3473604772343407,1.3065255937466185,7.1594873790650215,50.0,Safe,4.258333333333334,6.645833333333333,-10.4,2020,Safe,0.996,0.0035,0.0005,0.996,1
TCS,IT,2021,164177.0,32430.0,129992.0,7795.0,9329.0,44397.0,637.0,37.52039151712888,0.0901854615713905,19.7530713802786,24.947689088559297,69.69701726844583,0.2608488983335197,1.2629777217059512,4.605317650956686,50.0,Safe,4.0,5.14,5.0,2021,Safe,0.9953,0.0042,0.0005,0.9953,1
TCS,IT,2022,191754.0,38327.0,140924.0,7818.0,18221.0,52471.0,784.0,42.996892493745726,0.0877057180358765,19.98758826413008,27.19692884107746,66.92729591836735,0.4144244547046649,1.3606908688371038,16.79711530847805,50.0,Safe,5.033333333333334,6.696666666666666,5.800000000000001,2022,Safe,0.9929,0.0066,0.0005,0.9929,1
TCS,IT,2023,225458.0,42147.0,142859.0,7688.0,11032.0,57686.0,779.0,46.61041316464655,0.0850216756613288,18.69394743145065,29.50251646728593,74.05134788189987,0.2465416675978277,1.5781854835887132,17.576686796624852,50.0,Safe,6.479166666666667,5.648333333333333,6.949999999999999,2023,Safe,0.9967,0.0032,0.0001,0.9967,1
TCS,IT,2024,240893.0,45908.0,145472.0,8021.0,13286.0,62775.0,778.0,50.7332382941573,0.0886406082507266,19.057423835478826,31.55796304443467,80.68766066838046,0.2829095864741706,1.6559406621205457,6.846064455463985,50.0,Safe,6.479166666666667,4.940833333333333,6.8,2024,Safe,0.9964,0.0034,0.0001,0.9964,1
TCS,IT,2025,255324.0,48553.0,158649.0,9392.0,15463.0,66127.0,796.0,51.24002701675884,0.0991177339693528,19.01623035828986,30.60403784454992,83.07412060301507,0.2837195647786279,1.6093640678478909,5.990626543735189,50.0,Safe,5.875,3.293333333333333,6.5,2025,Safe,0.9972,0.0026,0.0002,0.9972,1
TCS,IT,2026,267021.0,49210.0,181167.0,11283.0,12908.0,66714.0,1227.0,45.88772845953002,0.1052126072361059,18.42926211796076,27.162783509137977,54.37163814180929,0.2060532533043867,1.4738942522644851,4.581237956478823,50.0,Safe,,,,2026,Grey,0.0214,0.9784,0.0002,0.9784,0
TECHM,IT,2017,29140.8,2812.9,26057.0,1366.2,3218.6,3981.6,128.6,17.113011948507044,0.083116345849658,9.652789216493714,10.79517979813486,30.961119751166407,0.3899631675874769,1.1183482365583144,,16.951868656955458,Safe,6.125,3.3341666666666665,5.9,2017,Safe,0.9989,0.0008,0.0003,0.9989,1
TECHM,IT,2018,30772.9,3799.8,30431.4,2396.6,3044.3,5041.2,162.4,20.16579276965207,0.1271891650922368,12.347877515606264,12.486444922021334,31.041871921182263,0.3311901653611837,1.0112219615265812,5.6007384835008,15.89038938777214,Safe,6.270833333333333,3.9625,7.399999999999999,2018,Safe,0.9974,0.0021,0.0005,0.9974,1
TECHM,IT,2019,34742.1,4297.6,33445.8,1995.5,2358.7,5676.4,133.2,21.18672477371773,0.0983760919721559,12.37000641872541,12.849445969299584,42.61561561561562,0.2112413688103959,1.0387582297328812,12.898361870346942,18.194362198707868,Safe,5.729166666666667,3.7066666666666666,5.1000000000000005,2019,Safe,0.9985,0.0012,0.0003,0.9985,1
TECHM,IT,2020,36867.7,4033.0,37317.9,3670.5,3148.3,5249.7,191.9,18.48888970389353,0.1682704429906799,10.93911472644076,10.807146168460712,27.356435643564357,0.2660317889524518,0.9879360842919884,6.118225438301073,14.871546586944495,Safe,4.258333333333334,6.645833333333333,-10.4,2020,Safe,0.9986,0.0011,0.0003,0.9986,1
TECHM,IT,2021,37855.1,4428.0,39601.9,2900.8,2835.2,6126.9,174.0,17.80816408606475,0.1166619746631811,11.697234982868888,11.181281706180764,35.21206896551724,0.2395383614535192,0.955891005229547,2.678225113039323,30.231077153557155,Safe,4.0,5.14,5.0,2021,Safe,0.9984,0.0013,0.0003,0.9984,1
TECHM,IT,2022,44646.0,5566.1,44415.5,2618.4,3974.5,7614.700000000001,162.6,20.7028271534682,0.0973900623751659,12.46718631008377,12.531886391012147,46.830873308733096,0.2665410357176389,1.0051896297463725,17.93919445464416,20.744561715692814,Safe,5.033333333333334,6.696666666666666,5.800000000000001,2022,Safe,0.9987,0.0011,0.0002,0.9987,1
TECHM,IT,2023,53290.2,4831.3,45827.2,2740.2,4254.7,6771.1,325.6,17.30129456212287,0.098128883238733,9.06601964338659,10.542428950492283,20.79576167076167,0.2806067600989282,1.162850883318204,19.36164494019621,25.392930429535088,Safe,6.479166666666667,5.648333333333333,6.949999999999999,2023,Safe,0.9963,0.0035,0.0002,0.9963,1
TECHM,IT,2024,51995.5,2357.8,43149.1,2536.7,4735.5,3616.6,392.2,8.840843813509117,0.0951165005586927,4.534623188545163,5.464308641431687,9.22131565527792,0.3396327906476368,1.2050193399167075,-2.429527380268792,36.69041405972866,Safe,6.479166666666667,4.940833333333333,6.8,2024,Safe,0.9986,0.0012,0.0001,0.9986,1
TECHM,IT,2025,52988.3,4251.5,44266.6,2025.2,4542.2,5974.9,321.7,15.538256309047386,0.0740164099190468,8.02346933190912,9.604306632991918,18.572894000621694,0.3052574278052944,1.1970266521485726,1.909396005423547,43.91497564860431,Safe,5.875,3.293333333333333,6.5,2025,Safe,0.9986,0.0012,0.0002,0.9986,1
TECHM,IT,2026,56815.4,4810.9,49369.4,2186.2,5105.4,6910.5,337.4,16.24458896384989,0.0738197019118431,8.467598573626164,9.74470015839771,20.481624184943687,0.2906112319129316,1.150822169197924,7.222537805515561,,Grey,,,,2026,Grey,0.0157,0.9842,0.0001,0.9842,1
TORNTPHARM,Pharma,2017,5815.69,933.55,9600.68,2510.13,893.72,1293.65,205.56,21.460278198582568,0.5770241349109108,16.052265509337673,9.723790398180128,6.293296361159758,0.3261251924887426,0.6057581337988559,,4.02088391171093,Safe,6.125,3.3341666666666665,5.9,2017,Safe,0.9911,0.008,0.0009,0.9911,1
TORNTPHARM,Pharma,2018,5949.83,678.11,14243.18,6462.32,867.23,1239.49,308.48,14.670751310525963,1.398107823347807,11.397132355042078,4.760945238352671,4.01805627593361,0.2745554299752744,0.4177318548245546,2.3065190888785336,2.221104763585193,Grey,6.270833333333333,3.9625,7.399999999999999,2018,Grey,0.039,0.9507,0.0103,0.9507,1
TORNTPHARM,Pharma,2019,7672.8,436.28,14113.42,6038.1,816.04,1065.41,503.75,9.234709536761672,1.278080582513997,5.686059847773954,3.0912422361128624,2.1149578163771707,0.2435235170711764,0.5436527787028232,28.958306371778697,2.462439478432762,Grey,5.729166666666667,3.7066666666666666,5.1000000000000005,2019,Grey,0.0479,0.9476,0.0045,0.9476,1
TORNTPHARM,Pharma,2020,7939.31,1024.72,14009.74,5784.35,666.65,1637.28,450.71,21.245557946765853,1.199271441070488,12.906915084560245,7.314339880683011,3.632668456435402,0.1959484681835416,0.5666993106224669,3.473438640392046,3.483146999091299,Safe,4.258333333333334,6.645833333333333,-10.4,2020,Safe,0.9794,0.0186,0.002,0.9794,1
TORNTPHARM,Pharma,2021,8004.57,1251.88,14074.65,4874.13,603.5,1879.2,352.94,21.44669420284145,0.8350159409439849,15.63956589798078,8.894572866820846,5.324417748059161,0.1794341950733643,0.5687224904349308,0.8219857896970773,4.568719807371254,Safe,4.0,5.14,5.0,2021,Safe,0.9901,0.0091,0.0008,0.9901,1
TORNTPHARM,Pharma,2022,8508.04,777.18,12906.28,4069.65,403.41,1480.97,255.06,13.05537590606338,0.6836358444132741,9.134653809808132,6.021719658956724,5.806359288010664,0.1398941630139266,0.659217063321112,6.289781962054186,5.1594403782508085,Safe,5.033333333333334,6.696666666666666,5.800000000000001,2022,Safe,0.9986,0.0011,0.0003,0.9986,1
TORNTPHARM,Pharma,2023,9620.15,1245.23,14609.91,5368.56,571.46,2180.6,333.44,20.09060885081969,0.8661664034126754,12.943976965016136,8.523187343385414,6.5397072936660265,0.1877776609447701,0.6584674375133043,13.07128316274957,10.014901144213717,Safe,6.479166666666667,5.648333333333333,6.949999999999999,2023,Safe,0.9836,0.0157,0.0007,0.9836,1
TORNTPHARM,Pharma,2024,10727.84,1656.38,14505.45,4021.94,839.04,2705.67,353.56,24.15903969428907,0.5866178540434501,15.440014019597609,11.419018368957872,7.65264735829845,0.2313087203916898,0.7395730570233946,11.514269528021924,18.456992594326834,Safe,6.479166666666667,4.940833333333333,6.8,2024,Safe,0.9954,0.0044,0.0002,0.9954,1
TORNTPHARM,Pharma,2025,11516.09,1911.25,14395.59,3202.32,579.46,2925.12,252.31,25.178870432068763,0.4218746912336033,16.596344766322595,13.276635414039994,11.59335737782886,0.1608458382603578,0.7999734640956015,7.347704663753385,26.187829323373972,Safe,5.875,3.293333333333333,6.5,2025,Safe,0.9992,0.0006,0.0002,0.9992,1
TORNTPHARM,Pharma,2026,13980.0,2138.0,44312.0,15025.0,1165.0,3257.0,385.0,25.48575515556085,1.791035880319466,15.293276108726753,4.824878136847807,8.45974025974026,0.0557469614317159,0.3154901606788229,21.39536943528575,,Grey,,,,2026,Grey,0.0122,0.9875,0.0003,0.9875,1
WIPRO,IT,2017,55448.4,8493.1,78672.2,14241.2,5271.0,11633.5,594.2,16.43713397664418,0.275617280366633,15.31712366813109,10.795554211017365,19.578424772803768,0.4130618769983073,0.7048029672489139,,3.090772299276048,Safe,6.125,3.3341666666666665,5.9,2017,Safe,0.9845,0.0131,0.0024,0.9845,1
WIPRO,IT,2018,54487.1,8002.8,75390.8,13901.2,4492.5,10825.2,583.0,16.698138600309225,0.2900536865979639,14.687513191195714,10.61508831316288,18.56809605488851,0.3312247019530645,0.7227287679663831,-1.7336839295633455,4.143267774148403,Safe,6.270833333333333,3.9625,7.399999999999999,2018,Safe,0.975,0.0213,0.0037,0.975,1
WIPRO,IT,2019,59018.9,9003.7,82586.4,9946.7,15852.9,12279.7,737.5,15.957612729650885,0.1762892883348162,15.255621504297777,10.902158224598724,16.650440677966102,0.9775422239487948,0.7146321912566719,8.317198015677118,6.243136032670281,Safe,5.729166666666667,3.7066666666666666,5.1000000000000005,2019,Safe,0.9737,0.0241,0.0022,0.9737,1
WIPRO,IT,2020,61137.6,9722.3,80999.6,9724.0,14449.9,12984.7,732.8,17.574116485935896,0.1757718942114938,15.90232524665672,12.00289877974706,17.719295851528383,0.9057283798945712,0.7547889125378396,3.589866974816536,8.474062881742588,Safe,4.258333333333334,6.645833333333333,-10.4,2020,Safe,0.9953,0.0043,0.0004,0.9953,1
WIPRO,IT,2021,61934.9,10796.4,82565.8,10451.4,16979.3,14411.7,508.8,19.665215569843895,0.1903681171563359,17.431851831519868,13.076116261212269,28.32488207547169,0.9864001301311768,0.75012777687614,1.3041074559681842,12.6296685982151,Safe,4.0,5.14,5.0,2021,Safe,0.994,0.0051,0.0009,0.994,1
WIPRO,IT,2022,79312.0,12229.6,107275.6,17592.9,10383.6,15673.3,532.5,18.6988364448114,0.2689922480620155,15.419608634254589,11.400169283602237,29.43342723004695,0.4276659102048213,0.7393293535529049,28.057040537725907,5.33119064981039,Safe,5.033333333333334,6.696666666666666,5.800000000000001,2022,Safe,0.9959,0.0031,0.0009,0.9959,1
WIPRO,IT,2023,90487.6,11350.0,116923.7,17466.6,9188.0,15773.4,1007.7,14.613501845678844,0.2248882743063736,12.543155084232534,9.7071851130267,15.652872878832987,0.4216767940080406,0.773902981174903,14.090679846681464,6.162060101515905,Safe,6.479166666666667,5.648333333333333,6.949999999999999,2023,Safe,0.9951,0.0046,0.0003,0.9951,1
WIPRO,IT,2024,89760.3,11045.2,114608.9,16464.9,9695.3,15976.2,1255.2,14.819207599318425,0.2209075174754806,12.30521733995987,9.637296928947055,12.728011472275334,0.4106264029477785,0.7831878676088856,-0.8037565368072541,7.382839662614268,Safe,6.479166666666667,4.940833333333333,6.8,2024,Safe,0.9902,0.0094,0.0004,0.9902,1
WIPRO,IT,2025,89088.4,13135.4,127929.1,19203.5,12197.4,18972.7,1477.0,15.947967621815817,0.2331537648077257,14.744231572236115,10.267718603507724,12.845429925524712,0.4626974944521366,0.6963888591415087,-0.7485491915691145,10.3288238338648,Safe,5.875,3.293333333333333,6.5,2025,Safe,0.9941,0.0056,0.0003,0.9941,1
WIPRO,IT,2026,92624.0,13197.4,141407.7,20291.0,10555.5,18799.9,1457.7,14.993927399188578,0.23053160535934,14.248358956641908,9.332872255188365,12.896960965905194,0.3189126966862446,0.6550138358802243,3.9686423821732255,,Grey,,,,2026,Grey,0.0081,0.9918,0.0001,0.9918,1
